2.6083e-05,0,0,0,2.6083e-05,0,0,0,2.6083e-05,0,0,0,2.6083e-05,0,0,0,2.6083e-05,0,0,0,2.6083e-05,0,0,0,2.6083e-05,0,0,0,2.6083e-05,0,0,0,2.6083e-05,0,0,0,2.6083e-05,0,0,0
2.537e-05,8.7828e-13,0.0036596,0.022363,2.6013e-05,4.3475e-14,0.00018366,0.0010946,2.6044e-05,2.0964e-15,8.8621e-06,5.2753e-05,2.6046e-05,1.0096e-16,4.2681e-07,2.5405e-06,2.6046e-05,4.862e-18,2.0554e-08,1.2234e-07,2.6046e-05,2.3414e-19,9.898e-10,5.8915e-09,2.6046e-05,1.1275e-20,4.7665e-11,2.8372e-10,2.6046e-05,5.4298e-22,2.2954e-12,1.3663e-11,2.6046e-05,2.6148e-23,1.1054e-13,6.5795e-13,2.6046e-05,1.2592e-24,5.3231e-15,3.1685e-14
2.4608e-05,1.803e-12,0.007397,0.046601,2.5938e-05,9.2009e-14,0.00038864,0.0023229,2.6005e-05,4.4434e-15,1.8795e-05,0.00011205,2.6009e-05,2.1401e-16,9.0529e-07,5.3963e-06,2.6009e-05,1.0306e-17,4.3596e-08,2.5987e-07,2.6009e-05,4.963e-19,2.0994e-09,1.2514e-08,2.6009e-05,2.39e-20,1.011e-10,6.0265e-10,2.6009e-05,1.1509e-21,4.8687e-12,2.9021e-11,2.6009e-05,5.5426e-23,2.3446e-13,1.3976e-12,2.6009e-05,2.6691e-24,1.1291e-14,6.7302e-14
2.3786e-05,2.7842e-12,0.011221,0.073138,2.5859e-05,1.4701e-13,0.00062079,0.0037218,2.5966e-05,7.1115e-15,3.0099e-05,0.00017971,2.5971e-05,3.4254e-16,1.4499e-06,8.6553e-06,2.5971e-05,1.6496e-17,6.9825e-08,4.1681e-07,2.5971e-05,7.9438e-19,3.3626e-09,2.0072e-08,2.5971e-05,3.8254e-20,1.6193e-10,9.6661e-10,2.5971e-05,1.8422e-21,7.7979e-12,4.6549e-11,2.5971e-05,8.8714e-23,3.7552e-13,2.2416e-12,2.5971e-05,4.2722e-24,1.8084e-14,1.0795e-13
2.2889e-05,3.8358e-12,0.015144,0.10258,2.5773e-05,2.1055e-13,0.00088879,0.0053463,2.5926e-05,1.0206e-14,4.3222e-05,0.00025845,2.5934e-05,4.9163e-16,2.0824e-06,1.2448e-05,2.5934e-05,2.3675e-17,1.0028e-07,5.9948e-07,2.5934e-05,1.1401e-18,4.8293e-09,2.8869e-08,2.5934e-05,5.4905e-20,2.3256e-10,1.3902e-09,2.5934e-05,2.644e-21,1.1199e-11,6.6949e-11,2.5934e-05,1.2733e-22,5.3932e-13,3.224e-12,2.5934e-05,6.1316e-24,2.5972e-14,1.5526e-13
2.1893e-05,4.9789e-12,0.019181,0.13583,2.5678e-05,2.8594e-13,0.0012063,0.0072834,2.5886e-05,1.3893e-14,5.8873e-05,0.00035259,2.5896e-05,6.6934e-16,2.8369e-06,1.6984e-05,2.5897e-05,3.2234e-17,1.3662e-07,8.1789e-07,2.5897e-05,1.5523e-18,6.5792e-09,3.9387e-08,2.5897e-05,7.4751e-20,3.1683e-10,1.8967e-09,2.5897e-05,3.5998e-21,1.5258e-11,9.134e-11,2.5897e-05,1.7335e-22,7.3475e-13,4.3986e-12,2.5897e-05,8.348e-24,3.5383e-14,2.1182e-13
2.0759e-05,6.2478e-12,0.023353,0.17441,2.5569e-05,3.789e-13,0.0015971,0.0096836,2.5846e-05,1.8464e-14,7.8287e-05,0.0004696,2.5859e-05,8.8967e-16,3.7733e-06,2.2622e-05,2.586e-05,4.2845e-17,1.8172e-07,1.0894e-06,2.586e-05,2.0632e-18,8.7508e-09,5.2462e-08,2.586e-05,9.9359e-20,4.2141e-10,2.5264e-09,2.586e-05,4.7848e-21,2.0294e-11,1.2166e-10,2.586e-05,2.3042e-22,9.7727e-13,5.8589e-12,2.586e-05,1.1096e-23,4.7062e-14,2.8214e-13
1.9414e-05,7.7054e-12,0.027688,0.22111,2.5437e-05,5.0072e-13,0.0021076,0.012845,2.5804e-05,2.4495e-14,0.00010392,0.00062436,2.5822e-05,1.1805e-15,5.01e-06,3.008e-05,2.5822e-05,5.6851e-17,2.4128e-07,1.4486e-06,2.5822e-05,2.7378e-18,1.1619e-08,6.9759e-08,2.5822e-05,1.3184e-19,5.5954e-10,3.3594e-09,2.5822e-05,6.349e-21,2.6946e-11,1.6178e-10,2.5822e-05,3.0575e-22,1.2976e-12,7.7906e-12,2.5822e-05,1.4724e-23,6.2488e-14,3.7517e-13
1.7692e-05,9.4951e-12,0.032229,0.28242,2.5261e-05,6.7967e-13,0.002854,0.017515,2.576e-05,3.3441e-14,0.00014194,0.00085428,2.5784e-05,1.6121e-15,6.8461e-06,4.1164e-05,2.5785e-05,7.7637e-17,3.2971e-07,1.9824e-06,2.5785e-05,3.7387e-18,1.5878e-08,9.5465e-08,2.5785e-05,1.8004e-19,7.6462e-10,4.5973e-09,2.5785e-05,8.6703e-21,3.6822e-11,2.2139e-10,2.5785e-05,4.1753e-22,1.7732e-12,1.0661e-11,2.5785e-05,2.0107e-23,8.5391e-14,5.1341e-13
1.4932e-05,1.217e-11,0.036992,0.38408,2.4942e-05,1.0419e-12,0.0043504,0.027041,2.5708e-05,5.1872e-14,0.00022025,0.0013282,2.5746e-05,2.502e-15,1.0632e-05,6.4023e-05,2.5748e-05,1.205e-16,5.1207e-07,3.0833e-06,2.5748e-05,5.8028e-18,2.466e-08,1.4848e-07,2.5748e-05,2.7944e-19,1.1875e-09,7.1503e-09,2.5748e-05,1.3457e-20,5.7187e-11,3.4433e-10,2.5748e-05,6.4804e-22,2.7539e-12,1.6582e-11,2.5748e-05,3.1207e-23,1.3262e-13,7.9853e-13
4.7808e-06,1.964e-11,0.0244,0.79125,2.0608e-05,6.2369e-12,0.023345,0.17562,2.5419e-05,3.7884e-13,0.0016009,0.009764,2.5697e-05,1.8463e-14,7.8487e-05,0.00047353,2.571e-05,8.8961e-16,3.7829e-06,2.2811e-05,2.5711e-05,4.2842e-17,1.8218e-07,1.0985e-06,2.5711e-05,2.0631e-18,8.7732e-09,5.2902e-08,2.5711e-05,9.9352e-20,4.2249e-10,2.5476e-09,2.5711e-05,4.7845e-21,2.0346e-11,1.2268e-10,2.5711e-05,2.304e-22,9.7977e-13,5.9079e-12
3.7967e-06,2.0137e-11,0.020408,0.83335,1.804e-05,9.0005e-12,0.031068,0.26699,2.5189e-05,6.2821e-13,0.0026452,0.016281,2.565e-05,3.0862e-14,0.00013126,0.00079334,2.5672e-05,1.4876e-15,6.33e-06,3.8226e-05,2.5673e-05,7.1642e-17,3.0485e-07,1.8409e-06,2.5673e-05,3.45e-18,1.4681e-08,8.8651e-08,2.5673e-05,1.6614e-19,7.0697e-10,4.2691e-09,2.5673e-05,8.0008e-21,3.4045e-11,2.0559e-10,2.5673e-05,3.8529e-22,1.6395e-12,9.9004e-12
3.2433e-06,2.0398e-11,0.017933,0.85722,1.375e-05,1.3125e-11,0.037859,0.42687,2.4688e-05,1.2216e-12,0.0050941,0.031989,2.5589e-05,6.1197e-14,0.00026032,0.0015771,2.5634e-05,2.9527e-15,1.2572e-05,7.6035e-05,2.5636e-05,1.4221e-16,6.0551e-07,3.6618e-06,2.5636e-05,6.8481e-18,2.9159e-08,1.7634e-07,2.5636e-05,3.2978e-19,1.4042e-09,8.4919e-09,2.5636e-05,1.5881e-20,6.7622e-11,4.0894e-10,2.5636e-05,7.6478e-22,3.2565e-12,1.9693e-11
2.8625e-06,2.0569e-11,0.016132,0.87373,4.1585e-06,1.9874e-11,0.021922,0.81725,1.9223e-05,7.6453e-12,0.027544,0.22214,2.5215e-05,4.9744e-13,0.0021019,0.012923,2.558e-05,2.4336e-14,0.00010365,0.00062819,2.5598e-05,1.1729e-15,4.9972e-06,3.0265e-05,2.5599e-05,5.6483e-17,2.4066e-07,1.4575e-06,2.5599e-05,2.72e-18,1.1589e-08,7.0188e-08,2.5599e-05,1.3099e-19,5.5811e-10,3.38e-09,2.5599e-05,6.3078e-21,2.6877e-11,1.6277e-10
2.5764e-06,2.0692e-11,0.014727,0.88617,3.3422e-06,2.0276e-11,0.018379,0.85253,1.5207e-05,1.1701e-11,0.036271,0.36978,2.4806e-05,9.7478e-13,0.0040875,0.025546,2.5524e-05,4.8439e-14,0.00020636,0.0012534,2.556e-05,2.3362e-15,9.9604e-06,6.0415e-05,2.5562e-05,1.1251e-16,4.7971e-07,2.9095e-06,2.5562e-05,5.4183e-18,2.3101e-08,1.4011e-07,2.5562e-05,2.6092e-19,1.1125e-09,6.7473e-09,2.5562e-05,1.2565e-20,5.3573e-11,3.2492e-10
2.3503e-06,2.0788e-11,0.013584,0.89604,2.8683e-06,2.0497e-11,0.016154,0.87315,4.1975e-06,1.9783e-11,0.022069,0.8151,1.9298e-05,7.474e-12,0.027071,0.21748,2.5152e-05,4.8282e-13,0.0020432,0.012594,2.5506e-05,2.3611e-14,0.0001007,0.00061206,2.5523e-05,1.1379e-15,4.8546e-06,2.9488e-05,2.5524e-05,5.4799e-17,2.3379e-07,1.42e-06,2.5524e-05,2.6389e-18,1.1259e-08,6.8385e-08,2.5524e-05,1.2708e-19,5.4218e-10,3.2932e-09
2.1654e-06,2.0864e-11,0.012628,0.90413,2.5412e-06,2.0644e-11,0.014546,0.88744,3.2678e-06,2.0247e-11,0.018031,0.85542,1.4358e-05,1.2409e-11,0.037098,0.40057,2.4636e-05,1.0957e-12,0.0045905,0.028888,2.5445e-05,5.4676e-14,0.00023321,0.0014209,2.5485e-05,2.6376e-15,1.126e-05,6.8497e-05,2.5487e-05,1.2703e-16,5.4231e-07,3.2987e-06,2.5487e-05,6.1172e-18,2.6116e-08,1.5886e-07,2.5487e-05,2.9458e-19,1.2576e-09,7.65e-09
2.0104e-06,2.0926e-11,0.011812,0.91091,2.2955e-06,2.0752e-11,0.013299,0.89821,2.7703e-06,2.0482e-11,0.015674,0.87716,3.8799e-06,1.9885e-11,0.020733,0.82845,1.8308e-05,8.4533e-12,0.029712,0.25161,2.5005e-05,5.7554e-13,0.0024348,0.015096,2.5428e-05,2.8232e-14,0.00012055,0.000735,2.5449e-05,1.3608e-15,5.8132e-06,3.5414e-05,2.545e-05,6.5533e-17,2.7996e-07,1.7055e-06,2.545e-05,3.1559e-18,1.3482e-08,8.2129e-08
1.8781e-06,2.0978e-11,0.011106,0.91672,2.1014e-06,2.0835e-11,0.01229,0.90673,2.4392e-06,2.0634e-11,0.014029,0.89168,3.0526e-06,2.0294e-11,0.017022,0.86453,5.1516e-06,1.9149e-11,0.025691,0.77317,2.0992e-05,5.4308e-12,0.020797,0.15359,2.5166e-05,3.1958e-13,0.0013588,0.0083708,2.5401e-05,1.5548e-14,6.6447e-05,0.00040556,2.5412e-05,7.4908e-16,3.2022e-06,1.9536e-05,2.5413e-05,3.6074e-17,1.5421e-07,9.408e-07
1.7636e-06,2.1023e-11,0.010485,0.92175,1.9427e-06,2.0902e-11,0.011449,0.91372,2.1959e-06,2.0743e-11,0.012782,0.90239,2.5977e-06,2.051e-11,0.01482,0.8845,3.4136e-06,2.0065e-11,0.018682,0.84845,1.5919e-05,1.0804e-11,0.034785,0.33877,2.4715e-05,8.5052e-13,0.0035854,0.02249,2.5343e-05,4.2103e-14,0.00017998,0.001101,2.5374e-05,2.0303e-15,8.6846e-06,5.3063e-05,2.5375e-05,9.7777e-17,4.1826e-07,2.5554e-06
1.6632e-06,2.1062e-11,0.0099361,0.92616,1.8096e-06,2.0957e-11,0.010734,0.91958,2.0065e-06,2.0826e-11,0.011787,0.91074,2.2929e-06,2.0651e-11,0.01328,0.89793,2.7717e-06,2.0379e-11,0.015672,0.87662,3.9049e-06,1.9767e-11,0.020823,0.8267,1.8365e-05,8.2604e-12,0.02922,0.24667,2.4906e-05,5.5797e-13,0.0023657,0.014726,2.5317e-05,2.7358e-14,0.00011705,0.00071678,2.5337e-05,1.3186e-15,5.6442e-06,3.4536e-05
1.5744e-06,2.1095e-11,0.0094451,0.93007,1.6959e-06,2.1004e-11,0.010114,0.92459,1.8531e-06,2.0893e-11,0.010967,0.91752,2.0683e-06,2.0753e-11,0.012112,0.90786,2.3903e-06,2.056e-11,0.013775,0.89345,2.961e-06,2.0241e-11,0.016579,0.86806,4.6653e-06,1.9316e-11,0.023873,0.79333,2.0192e-05,6.2093e-12,0.023329,0.17912,2.5008e-05,3.789e-13,0.0016125,0.0099965,2.5287e-05,1.847e-14,7.9089e-05,0.0004849
1.4951e-06,2.1125e-11,0.0090033,0.93356,1.5973e-06,2.1043e-11,0.0095711,0.92894,1.7255e-06,2.0948e-11,0.010275,0.92316,1.8932e-06,2.0832e-11,0.011181,0.91561,2.1264e-06,2.0683e-11,0.012415,0.90513,2.4856e-06,2.0471e-11,0.014254,0.88906,3.1638e-06,2.0097e-11,0.017528,0.8589,1.2526e-05,1.3784e-11,0.037776,0.46756,2.4173e-05,1.3964e-12,0.0058394,0.037451,2.5209e-05,7.0426e-14,0.0003015,0.0018542
1.4239e-06,2.1152e-11,0.0086031,0.93671,1.5108e-06,2.1078e-11,0.0090898,0.93277,1.6171e-06,2.0994e-11,0.009679,0.92796,1.7513e-06,2.0896e-11,0.010414,0.9219,1.9285e-06,2.0775e-11,0.011368,0.91391,2.1789e-06,2.0617e-11,0.012686,0.90265,2.5752e-06,2.0386e-11,0.014699,0.88491,3.3752e-06,1.9948e-11,0.018492,0.84936,1.5656e-05,1.089e-11,0.034881,0.34541,2.4552e-05,8.6719e-13,0.0036637,0.023134
1.3594e-06,2.1176e-11,0.0082387,0.93955,1.434e-06,2.1109e-11,0.0086594,0.93616,1.5234e-06,2.1034e-11,0.009159,0.93211,1.6331e-06,2.0948e-11,0.0097663,0.92714,1.7724e-06,2.0847e-11,0.010528,0.92084,1.9581e-06,2.0722e-11,0.011524,0.91246,2.2238e-06,2.0556e-11,0.012917,0.9005,2.655e-06,2.0307e-11,0.015091,0.88119,3.5854e-06,1.9801e-11,0.019424,0.83988,1.7008e-05,9.5003e-12,0.032185,0.29337
1.3008e-06,2.1197e-11,0.0079052,0.94214,1.3654e-06,2.1136e-11,0.0082717,0.9392,1.4414e-06,2.1068e-11,0.0086999,0.93575,1.5326e-06,2.0992e-11,0.0092094,0.9316,1.645e-06,2.0905e-11,0.0098307,0.92651,1.7884e-06,2.0801e-11,0.010613,0.92001,1.9807e-06,2.0673e-11,0.011643,0.91133,2.2591e-06,2.0501e-11,0.013097,0.89879,2.7201e-06,2.0237e-11,0.015407,0.87813,3.7779e-06,1.9662e-11,0.020255,0.83118
1.2473e-06,2.1216e-11,0.0075988,0.9445,1.3036e-06,2.116e-11,0.0079202,0.94194,1.3688e-06,2.1098e-11,0.0082904,0.93896,1.4457e-06,2.103e-11,0.0087234,0.93546,1.5382e-06,2.0954e-11,0.0092396,0.93126,1.6524e-06,2.0865e-11,0.0098704,0.92607,1.7986e-06,2.076e-11,0.010667,0.91945,1.9956e-06,2.0629e-11,0.01172,0.91054,2.2829e-06,2.0453e-11,0.013217,0.89759,2.7658e-06,2.0177e-11,0.015627,0.87592
1.1981e-06,2.1234e-11,0.0073162,0.94668,1.2475e-06,2.1182e-11,0.0075997,0.94442,1.3041e-06,2.1125e-11,0.0079224,0.94184,1.3696e-06,2.1063e-11,0.0082943,0.93885,1.4469e-06,2.0995e-11,0.0087295,0.93532,1.54e-06,2.0918e-11,0.0092488,0.93109,1.6551e-06,2.0829e-11,0.009884,0.92586,1.8026e-06,2.0724e-11,0.010687,0.91916,2.0019e-06,2.0591e-11,0.011753,0.91013,2.2938e-06,2.0412e-11,0.013271,0.89696
1.1528e-06,2.125e-11,0.0070545,0.94868,1.1965e-06,2.1202e-11,0.007306,0.94668,1.2458e-06,2.1149e-11,0.0075892,0.94442,1.3023e-06,2.1093e-11,0.0079115,0.94184,1.3678e-06,2.1031e-11,0.0082829,0.93885,1.445e-06,2.0963e-11,0.0087177,0.93533,1.5379e-06,2.0886e-11,0.0092364,0.93109,1.6529e-06,2.0797e-11,0.009871,0.92586,1.8003e-06,2.0691e-11,0.010674,0.91916,1.9994e-06,2.0559e-11,0.011738,0.91013
1.111e-06,2.1265e-11,0.0068115,0.95053,1.1497e-06,2.122e-11,0.0070357,0.94876,1.193e-06,2.1171e-11,0.0072858,0.94677,1.2421e-06,2.1119e-11,0.0075674,0.94452,1.2982e-06,2.1062e-11,0.0078876,0.94195,1.3632e-06,2.1001e-11,0.0082565,0.93898,1.4398e-06,2.0933e-11,0.0086881,0.93548,1.532e-06,2.0856e-11,0.0092026,0.93127,1.6458e-06,2.0768e-11,0.0098313,0.92608,1.7916e-06,2.0663e-11,0.010625,0.91945
1.0721e-06,2.1279e-11,0.0065852,0.95225,1.1066e-06,2.1236e-11,0.0067859,0.95067,1.145e-06,2.119e-11,0.007008,0.94891,1.1879e-06,2.1142e-11,0.0072557,0.94693,1.2364e-06,2.109e-11,0.0075343,0.94471,1.2919e-06,2.1034e-11,0.007851,0.94217,1.3561e-06,2.0973e-11,0.0082153,0.93922,1.4316e-06,2.0906e-11,0.008641,0.93577,1.5223e-06,2.083e-11,0.0091478,0.93162,1.6341e-06,2.0743e-11,0.0097658,0.92652
1.036e-06,2.1292e-11,0.0063739,0.95386,1.0669e-06,2.1251e-11,0.0065543,0.95243,1.101e-06,2.1208e-11,0.0067526,0.95086,1.1388e-06,2.1163e-11,0.0069718,0.94912,1.1811e-06,2.1115e-11,0.007216,0.94718,1.2289e-06,2.1064e-11,0.0074904,0.94498,1.2834e-06,2.1008e-11,0.0078019,0.94248,1.3464e-06,2.0948e-11,0.0081599,0.93959,1.4204e-06,2.0881e-11,0.0085772,0.9362,1.509e-06,2.0807e-11,0.0090729,0.93214
1.0022e-06,2.1304e-11,0.006176,0.95535,1.03e-06,2.1265e-11,0.0063389,0.95407,1.0605e-06,2.1225e-11,0.0065166,0.95266,1.094e-06,2.1182e-11,0.0067117,0.95112,1.1312e-06,2.1137e-11,0.0069272,0.9494,1.1727e-06,2.109e-11,0.007167,0.94749,1.2195e-06,2.1039e-11,0.0074362,0.94534,1.2728e-06,2.0984e-11,0.0077411,0.94289,1.3343e-06,2.0925e-11,0.0080909,0.94006,1.4064e-06,2.0859e-11,0.0084977,0.93675
9.7069e-07,2.1315e-11,0.0059904,0.95675,9.9579e-07,2.1278e-11,0.0061378,0.95559,1.0231e-06,2.124e-11,0.0062979,0.95432,1.053e-06,2.12e-11,0.0064724,0.95295,1.0858e-06,2.1158e-11,0.0066637,0.95143,1.1222e-06,2.1113e-11,0.0068748,0.94975,1.1628e-06,2.1067e-11,0.0071094,0.94788,1.2085e-06,2.1016e-11,0.0073722,0.94577,1.2604e-06,2.0963e-11,0.0076694,0.94338,1.3201e-06,2.0904e-11,0.0080094,0.94064
9.4112e-07,2.1325e-11,0.0058159,0.95806,9.6386e-07,2.129e-11,0.0059498,0.95701,9.8846e-07,2.1254e-11,0.0060944,0.95587,1.0152e-06,2.1216e-11,0.0062512,0.95463,1.0444e-06,2.1176e-11,0.006422,0.95328,1.0765e-06,2.1135e-11,0.006609,0.95179,1.112e-06,2.1091e-11,0.0068151,0.95015,1.1515e-06,2.1045e-11,0.0070436,0.94833,1.1958e-06,2.0996e-11,0.0072991,0.94628,1.2461e-06,2.0943e-11,0.0075875,0.94396
9.1334e-07,2.1335e-11,0.0056514,0.95929,9.3399e-07,2.1301e-11,0.0057735,0.95833,9.5624e-07,2.1267e-11,0.0059046,0.9573,9.8029e-07,2.1231e-11,0.0060461,0.95619,1.0064e-06,2.1193e-11,0.0061992,0.95498,1.0349e-06,2.1154e-11,0.0063659,0.95366,1.0661e-06,2.1113e-11,0.0065481,0.95221,1.1006e-06,2.107e-11,0.0067485,0.95061,1.1389e-06,2.1025e-11,0.0069704,0.94884,1.1818e-06,2.0976e-11,0.0072179,0.94686
8.8718e-07,2.1344e-11,0.0054962,0.96045,9.0601e-07,2.1312e-11,0.0056077,0.95958,9.2619e-07,2.1279e-11,0.0057271,0.95864,9.479e-07,2.1244e-11,0.0058551,0.95763,9.7134e-07,2.1209e-11,0.0059931,0.95654,9.9676e-07,2.1172e-11,0.0061424,0.95536,1.0244e-06,2.1134e-11,0.0063045,0.95408,1.0548e-06,2.1093e-11,0.0064814,0.95267,1.0881e-06,2.1051e-11,0.0066757,0.95112,1.1252e-06,2.1006e-11,0.0068904,0.94941
8.6251e-07,2.1352e-11,0.0053495,0.96155,8.7972e-07,2.1321e-11,0.0054516,0.96074,8.9809e-07,2.129e-11,0.0055605,0.95989,9.1776e-07,2.1257e-11,0.0056769,0.95897,9.3889e-07,2.1223e-11,0.0058017,0.95799,9.6169e-07,2.1188e-11,0.005936,0.95693,9.8636e-07,2.1152e-11,0.006081,0.95578,1.0132e-06,2.1114e-11,0.0062382,0.95454,1.0425e-06,2.1075e-11,0.0064096,0.95318,1.0747e-06,2.1033e-11,0.0065974,0.95168
8.392e-07,2.136e-11,0.0052105,0.96258,8.5497e-07,2.1331e-11,0.0053043,0.96184,8.7174e-07,2.13e-11,0.005404,0.96106,8.8962e-07,2.1269e-11,0.0055101,0.96023,9.0875e-07,2.1237e-11,0.0056233,0.95934,9.2928e-07,2.1204e-11,0.0057446,0.95838,9.5138e-07,2.1169e-11,0.0058749,0.95735,9.7528e-07,2.1133e-11,0.0060155,0.95624,1.0012e-06,2.1096e-11,0.0061677,0.95503,1.0295e-06,2.1057e-11,0.0063332,0.95372
8.1714e-07,2.1368e-11,0.0050787,0.96356,8.3162e-07,2.1339e-11,0.0051651,0.96288,8.4697e-07,2.131e-11,0.0052565,0.96217,8.6328e-07,2.128e-11,0.0053535,0.9614,8.8066e-07,2.1249e-11,0.0054566,0.96059,8.9922e-07,2.1218e-11,0.0055666,0.95973,9.1912e-07,2.1185e-11,0.0056843,0.9588,9.405e-07,2.1151e-11,0.0058105,0.9578,9.6358e-07,2.1116e-11,0.0059464,0.95673,9.8859e-07,2.1079e-11,0.0060933,0.95556
7.9623e-07,2.1375e-11,0.0049535,0.96449,8.0956e-07,2.1347e-11,0.0050332,0.96386,8.2365e-07,2.1319e-11,0.0051173,0.96321,8.3857e-07,2.129e-11,0.0052062,0.96251,8.544e-07,2.1261e-11,0.0053004,0.96177,8.7125e-07,2.1231e-11,0.0054005,0.96098,8.8923e-07,2.1199e-11,0.0055071,0.96014,9.0846e-07,2.1167e-11,0.005621,0.95924,9.2911e-07,2.1134e-11,0.005743,0.95828,9.5136e-07,2.1099e-11,0.0058741,0.95724
7.7638e-07,2.1381e-11,0.0048344,0.96537,7.8868e-07,2.1355e-11,0.0049081,0.96479,8.0164e-07,2.1328e-11,0.0049856,0.96419,8.1532e-07,2.13e-11,0.0050673,0.96354,8.2979e-07,2.1272e-11,0.0051536,0.96287,8.4514e-07,2.1243e-11,0.005245,0.96215,8.6145e-07,2.1213e-11,0.005342,0.96138,8.7882e-07,2.1182e-11,0.0054451,0.96057,8.9739e-07,2.115e-11,0.0055551,0.9597,9.1728e-07,2.1118e-11,0.0056728,0.95877
7.5751e-07,2.1388e-11,0.004721,0.96621,7.6888e-07,2.1362e-11,0.0047892,0.96567,7.8083e-07,2.1336e-11,0.0048608,0.96511,7.9341e-07,2.1309e-11,0.0049361,0.96452,8.0668e-07,2.1282e-11,0.0050154,0.9639,8.207e-07,2.1254e-11,0.0050991,0.96324,8.3554e-07,2.1225e-11,0.0051876,0.96255,8.513e-07,2.1196e-11,0.0052814,0.96181,8.6806e-07,2.1166e-11,0.005381,0.96102,8.8594e-07,2.1135e-11,0.005487,0.96018
7.3955e-07,2.1394e-11,0.0046129,0.96701,7.5008e-07,2.1369e-11,0.0046762,0.96651,7.6112e-07,2.1344e-11,0.0047425,0.96599,7.7272e-07,2.1318e-11,0.004812,0.96545,7.8491e-07,2.1292e-11,0.004885,0.96487,7.9775e-07,2.1265e-11,0.0049618,0.96427,8.1131e-07,2.1237e-11,0.0050428,0.96363,8.2565e-07,2.1209e-11,0.0051284,0.96296,8.4085e-07,2.118e-11,0.0052189,0.96224,8.5699e-07,2.115e-11,0.0053149,0.96149
7.2244e-07,2.14e-11,0.0045097,0.96777,7.3221e-07,2.1376e-11,0.0045685,0.96731,7.4243e-07,2.1351e-11,0.00463,0.96682,7.5314e-07,2.1326e-11,0.0046943,0.96632,7.6437e-07,2.1301e-11,0.0047617,0.96579,7.7617e-07,2.1275e-11,0.0048324,0.96524,7.8859e-07,2.1248e-11,0.0049068,0.96465,8.0168e-07,2.1221e-11,0.0049851,0.96403,8.1551e-07,2.1193e-11,0.0050676,0.96338,8.3015e-07,2.1165e-11,0.0051549,0.9627
7.061e-07,2.1405e-11,0.004411,0.96849,7.1519e-07,2.1382e-11,0.0044658,0.96806,7.2467e-07,2.1358e-11,0.0045229,0.96762,7.3458e-07,2.1334e-11,0.0045826,0.96715,7.4495e-07,2.1309e-11,0.0046449,0.96666,7.5582e-07,2.1284e-11,0.0047102,0.96615,7.6722e-07,2.1259e-11,0.0047786,0.96561,7.7921e-07,2.1233e-11,0.0048504,0.96504,7.9184e-07,2.1206e-11,0.004926,0.96445,8.0516e-07,2.1179e-11,0.0050056,0.96382
6.905e-07,2.141e-11,0.0043167,0.96919,6.9896e-07,2.1388e-11,0.0043678,0.96879,7.0777e-07,2.1365e-11,0.0044209,0.96837,7.1696e-07,2.1341e-11,0.0044763,0.96794,7.2656e-07,2.1318e-11,0.0045341,0.96748,7.3659e-07,2.1293e-11,0.0045944,0.96701,7.4709e-07,2.1269e-11,0.0046576,0.96651,7.581e-07,2.1243e-11,0.0047237,0.96599,7.6967e-07,2.1218e-11,0.004793,0.96545,7.8183e-07,2.1191e-11,0.0048658,0.96487
6.7559e-07,2.1415e-11,0.0042263,0.96985,6.8347e-07,2.1393e-11,0.004274,0.96948,6.9168e-07,2.1371e-11,0.0043236,0.96909,7.0021e-07,2.1348e-11,0.0043751,0.96868,7.0911e-07,2.1325e-11,0.0044288,0.96826,7.1839e-07,2.1302e-11,0.0044847,0.96782,7.2809e-07,2.1278e-11,0.0045431,0.96736,7.3822e-07,2.1254e-11,0.004604,0.96688,7.4884e-07,2.1229e-11,0.0046678,0.96638,7.5998e-07,2.1203e-11,0.0047347,0.96585
6.6131e-07,2.142e-11,0.0041397,0.97048,6.6868e-07,2.1399e-11,0.0041843,0.97014,6.7632e-07,2.1377e-11,0.0042306,0.96977,6.8427e-07,2.1355e-11,0.0042786,0.9694,6.9253e-07,2.1332e-11,0.0043285,0.969,7.0114e-07,2.131e-11,0.0043805,0.9686,7.101e-07,2.1287e-11,0.0044346,0.96817,7.1946e-07,2.1263e-11,0.0044909,0.96773,7.2924e-07,2.1239e-11,0.0045498,0.96726,7.3947e-07,2.1215e-11,0.0046113,0.96678
6.4763e-07,2.1425e-11,0.0040566,0.97109,6.5452e-07,2.1404e-11,0.0040984,0.97077,6.6166e-07,2.1383e-11,0.0041416,0.97043,6.6907e-07,2.1361e-11,0.0041865,0.97007,6.7676e-07,2.1339e-11,0.004233,0.96971,6.8475e-07,2.1317e-11,0.0042813,0.96933,6.9306e-07,2.1295e-11,0.0043315,0.96893,7.0172e-07,2.1272e-11,0.0043838,0.96852,7.1074e-07,2.1249e-11,0.0044382,0.96809,7.2016e-07,2.1225e-11,0.0044949,0.96765
6.3451e-07,2.1429e-11,0.0039768,0.97168,6.4096e-07,2.1409e-11,0.004016,0.97137,6.4764e-07,2.1388e-11,0.0040565,0.97105,6.5455e-07,2.1367e-11,0.0040984,0.97072,6.6172e-07,2.1346e-11,0.0041419,0.97038,6.6916e-07,2.1325e-11,0.0041869,0.97003,6.7688e-07,2.1303e-11,0.0042336,0.96966,6.8491e-07,2.1281e-11,0.0042821,0.96928,6.9326e-07,2.1258e-11,0.0043325,0.96888,7.0195e-07,2.1235e-11,0.004385,0.96847
6.2191e-07,2.1433e-11,0.0039001,0.97224,6.2797e-07,2.1413e-11,0.0039369,0.97195,6.3422e-07,2.1393e-11,0.0039749,0.97165,6.4069e-07,2.1373e-11,0.0040142,0.97134,6.4738e-07,2.1352e-11,0.0040548,0.97102,6.5431e-07,2.1331e-11,0.0040968,0.97069,6.6149e-07,2.131e-11,0.0041403,0.97035,6.6895e-07,2.1289e-11,0.0041854,0.96999,6.7669e-07,2.1267e-11,0.0042323,0.96963,6.8474e-07,2.1245e-11,0.0042809,0.96924
6.0982e-07,2.1437e-11,0.0038264,0.97278,6.155e-07,2.1418e-11,0.003861,0.9725,6.2136e-07,2.1398e-11,0.0038966,0.97222,6.2742e-07,2.1378e-11,0.0039334,0.97193,6.3367e-07,2.1358e-11,0.0039714,0.97164,6.4015e-07,2.1338e-11,0.0040107,0.97133,6.4684e-07,2.1317e-11,0.0040513,0.97101,6.5378e-07,2.1297e-11,0.0040934,0.97068,6.6097e-07,2.1275e-11,0.004137,0.97033,6.6844e-07,2.1254e-11,0.0041821,0.96998
5.9818e-07,2.1441e-11,0.0037554,0.97329,6.0352e-07,2.1422e-11,0.0037879,0.97304,6.0903e-07,2.1403e-11,0.0038214,0.97277,6.1471e-07,2.1384e-11,0.003856,0.9725,6.2057e-07,2.1364e-11,0.0038916,0.97222,6.2662e-07,2.1344e-11,0.0039284,0.97193,6.3287e-07,2.1324e-11,0.0039664,0.97163,6.3934e-07,2.1304e-11,0.0040057,0.97132,6.4604e-07,2.1283e-11,0.0040463,0.971,6.5297e-07,2.1263e-11,0.0040883,0.97067
5.8699e-07,2.1445e-11,0.003687,0.97379,5.9202e-07,2.1426e-11,0.0037177,0.97355,5.9719e-07,2.1408e-11,0.0037492,0.9733,6.0252e-07,2.1389e-11,0.0037817,0.97305,6.0802e-07,2.137e-11,0.0038151,0.97278,6.1369e-07,2.135e-11,0.0038496,0.97251,6.1953e-07,2.1331e-11,0.0038852,0.97223,6.2557e-07,2.1311e-11,0.0039219,0.97194,6.3182e-07,2.1291e-11,0.0039598,0.97164,6.3827e-07,2.1271e-11,0.003999,0.97133
5.7621e-07,2.1448e-11,0.0036211,0.97427,5.8095e-07,2.143e-11,0.00365,0.97404,5.8582e-07,2.1412e-11,0.0036797,0.97381,5.9083e-07,2.1393e-11,0.0037103,0.97357,5.9599e-07,2.1375e-11,0.0037417,0.97332,6.013e-07,2.1356e-11,0.0037741,0.97307,6.0678e-07,2.1337e-11,0.0038075,0.9728,6.1243e-07,2.1318e-11,0.0038418,0.97253,6.1826e-07,2.1298e-11,0.0038773,0.97225,6.2428e-07,2.1278e-11,0.0039139,0.97196
5.6583e-07,2.1452e-11,0.0035575,0.97473,5.7029e-07,2.1434e-11,0.0035848,0.97452,5.7488e-07,2.1416e-11,0.0036128,0.9743,5.796e-07,2.1398e-11,0.0036416,0.97407,5.8445e-07,2.138e-11,0.0036712,0.97384,5.8944e-07,2.1362e-11,0.0037017,0.9736,5.9458e-07,2.1343e-11,0.003733,0.97335,5.9987e-07,2.1324e-11,0.0037652,0.9731,6.0532e-07,2.1305e-11,0.0037984,0.97283,6.1094e-07,2.1286e-11,0.0038326,0.97256
5.5581e-07,2.1455e-11,0.0034962,0.97518,5.6003e-07,2.1438e-11,0.0035219,0.97498,5.6436e-07,2.142e-11,0.0035484,0.97477,5.688e-07,2.1403e-11,0.0035756,0.97455,5.7337e-07,2.1385e-11,0.0036034,0.97433,5.7806e-07,2.1367e-11,0.0036321,0.97411,5.8288e-07,2.1349e-11,0.0036615,0.97387,5.8785e-07,2.133e-11,0.0036918,0.97364,5.9296e-07,2.1312e-11,0.0037229,0.97339,5.9822e-07,2.1293e-11,0.003755,0.97314
5.4615e-07,2.1458e-11,0.0034369,0.97561,5.5014e-07,2.1441e-11,0.0034613,0.97542,5.5422e-07,2.1424e-11,0.0034863,0.97522,5.5841e-07,2.1407e-11,0.0035119,0.97502,5.6271e-07,2.1389e-11,0.0035382,0.97481,5.6713e-07,2.1372e-11,0.0035652,0.9746,5.7167e-07,2.1354e-11,0.0035929,0.97438,5.7633e-07,2.1336e-11,0.0036214,0.97415,5.8112e-07,2.1318e-11,0.0036506,0.97392,5.8605e-07,2.13e-11,0.0036807,0.97368
5.3682e-07,2.1461e-11,0.0033796,0.97602,5.4059e-07,2.1445e-11,0.0034027,0.97584,5.4445e-07,2.1428e-11,0.0034264,0.97566,5.4841e-07,2.1411e-11,0.0034506,0.97546,5.5247e-07,2.1394e-11,0.0034754,0.97527,5.5663e-07,2.1377e-11,0.0035009,0.97507,5.609e-07,2.1359e-11,0.003527,0.97486,5.6528e-07,2.1342e-11,0.0035538,0.97465,5.6979e-07,2.1324e-11,0.0035813,0.97443,5.7441e-07,2.1306e-11,0.0036095,0.97421
5.278e-07,2.1464e-11,0.0033242,0.97643,5.3137e-07,2.1448e-11,0.0033461,0.97625,5.3503e-07,2.1431e-11,0.0033685,0.97608,5.3877e-07,2.1415e-11,0.0033914,0.9759,5.426e-07,2.1398e-11,0.0034149,0.97571,5.4653e-07,2.1381e-11,0.0034389,0.97552,5.5055e-07,2.1364e-11,0.0034636,0.97532,5.5468e-07,2.1347e-11,0.0034888,0.97512,5.5892e-07,2.133e-11,0.0035147,0.97492,5.6326e-07,2.1313e-11,0.0035413,0.97471
5.1909e-07,2.1467e-11,0.0032706,0.97681,5.2247e-07,2.1451e-11,0.0032914,0.97665,5.2593e-07,2.1435e-11,0.0033126,0.97648,5.2947e-07,2.1419e-11,0.0033343,0.97631,5.3309e-07,2.1402e-11,0.0033565,0.97613,5.368e-07,2.1386e-11,0.0033792,0.97596,5.406e-07,2.1369e-11,0.0034025,0.97577,5.4449e-07,2.1352e-11,0.0034263,0.97558,5.4848e-07,2.1336e-11,0.0034508,0.97539,5.5257e-07,2.1319e-11,0.0034758,0.97519
5.1066e-07,2.147e-11,0.0032188,0.97719,5.1387e-07,2.1454e-11,0.0032385,0.97703,5.1715e-07,2.1438e-11,0.0032586,0.97687,5.205e-07,2.1422e-11,0.0032792,0.97671,5.2392e-07,2.1406e-11,0.0033002,0.97655,5.2743e-07,2.139e-11,0.0033217,0.97637,5.3102e-07,2.1374e-11,0.0033437,0.9762,5.3469e-07,2.1357e-11,0.0033662,0.97602,5.3845e-07,2.1341e-11,0.0033892,0.97584,5.4231e-07,2.1324e-11,0.0034128,0.97565
5.025e-07,2.1472e-11,0.0031685,0.97755,5.0555e-07,2.1457e-11,0.0031872,0.97741,5.0866e-07,2.1441e-11,0.0032063,0.97725,5.1183e-07,2.1426e-11,0.0032258,0.9771,5.1508e-07,2.141e-11,0.0032458,0.97694,5.184e-07,2.1394e-11,0.0032661,0.97678,5.2179e-07,2.1378e-11,0.003287,0.97661,5.2526e-07,2.1362e-11,0.0033082,0.97645,5.2881e-07,2.1346e-11,0.00333,0.97627,5.3244e-07,2.133e-11,0.0033523,0.9761
4.946e-07,2.1475e-11,0.0031198,0.97791,4.9749e-07,2.146e-11,0.0031376,0.97776,5.0045e-07,2.1445e-11,0.0031558,0.97762,5.0346e-07,2.1429e-11,0.0031743,0.97747,5.0653e-07,2.1414e-11,0.0031932,0.97732,5.0968e-07,2.1398e-11,0.0032125,0.97717,5.1289e-07,2.1383e-11,0.0032322,0.97701,5.1617e-07,2.1367e-11,0.0032524,0.97685,5.1953e-07,2.1351e-11,0.003273,0.97669,5.2296e-07,2.1335e-11,0.003294,0.97652
4.8695e-07,2.1477e-11,0.0030726,0.97825,4.897e-07,2.1463e-11,0.0030895,0.97811,4.925e-07,2.1448e-11,0.0031068,0.97798,4.9536e-07,2.1433e-11,0.0031244,0.97784,4.9828e-07,2.1417e-11,0.0031423,0.97769,5.0126e-07,2.1402e-11,0.0031607,0.97755,5.043e-07,2.1387e-11,0.0031794,0.9774,5.0741e-07,2.1371e-11,0.0031984,0.97725,5.1058e-07,2.1356e-11,0.0032179,0.97709,5.1383e-07,2.134e-11,0.0032379,0.97693
4.7953e-07,2.148e-11,0.0030268,0.97858,4.8214e-07,2.1465e-11,0.0030429,0.97845,4.8481e-07,2.1451e-11,0.0030593,0.97832,4.8753e-07,2.1436e-11,0.0030761,0.97819,4.903e-07,2.1421e-11,0.0030931,0.97805,4.9313e-07,2.1406e-11,0.0031105,0.97791,4.9601e-07,2.1391e-11,0.0031283,0.97777,4.9895e-07,2.1376e-11,0.0031464,0.97763,5.0196e-07,2.1361e-11,0.0031648,0.97748,5.0503e-07,2.1345e-11,0.0031837,0.97733
4.7233e-07,2.1482e-11,0.0029824,0.9789,4.7482e-07,2.1468e-11,0.0029977,0.97878,4.7736e-07,2.1453e-11,0.0030134,0.97865,4.7994e-07,2.1439e-11,0.0030293,0.97852,4.8258e-07,2.1424e-11,0.0030455,0.9784,4.8526e-07,2.141e-11,0.003062,0.97826,4.88e-07,2.1395e-11,0.0030789,0.97813,4.9079e-07,2.138e-11,0.0030961,0.97799,4.9364e-07,2.1365e-11,0.0031136,0.97785,4.9655e-07,2.135e-11,0.0031315,0.97771
4.6535e-07,2.1484e-11,0.0029392,0.97921,4.6772e-07,2.147e-11,0.0029539,0.97909,4.7014e-07,2.1456e-11,0.0029688,0.97897,4.726e-07,2.1442e-11,0.0029839,0.97885,4.751e-07,2.1428e-11,0.0029994,0.97873,4.7765e-07,2.1413e-11,0.0030151,0.9786,4.8025e-07,2.1399e-11,0.0030311,0.97848,4.829e-07,2.1384e-11,0.0030474,0.97835,4.8561e-07,2.1369e-11,0.003064,0.97821,4.8836e-07,2.1355e-11,0.003081,0.97808
4.5858e-07,2.1487e-11,0.0028973,0.97951,4.6084e-07,2.1473e-11,0.0029113,0.9794,4.6314e-07,2.1459e-11,0.0029255,0.97929,4.6548e-07,2.1445e-11,0.0029399,0.97917,4.6786e-07,2.1431e-11,0.0029546,0.97905,4.7029e-07,2.1417e-11,0.0029696,0.97893,4.7276e-07,2.1402e-11,0.0029848,0.97881,4.7528e-07,2.1388e-11,0.0030003,0.97869,4.7784e-07,2.1373e-11,0.0030161,0.97856,4.8046e-07,2.1359e-11,0.0030322,0.97843
4.52e-07,2.1489e-11,0.0028566,0.9798,4.5415e-07,2.1475e-11,0.0028699,0.9797,4.5635e-07,2.1461e-11,0.0028835,0.97959,4.5858e-07,2.1448e-11,0.0028972,0.97948,4.6085e-07,2.1434e-11,0.0029112,0.97937,4.6316e-07,2.142e-11,0.0029255,0.97925,4.6551e-07,2.1406e-11,0.00294,0.97914,4.679e-07,2.1392e-11,0.0029548,0.97902,4.7034e-07,2.1378e-11,0.0029698,0.9789,4.7282e-07,2.1363e-11,0.0029851,0.97878
4.456e-07,2.1491e-11,0.002817,0.98009,4.4766e-07,2.1477e-11,0.0028297,0.97999,4.4975e-07,2.1464e-11,0.0028427,0.97988,4.5188e-07,2.145e-11,0.0028558,0.97978,4.5404e-07,2.1437e-11,0.0028692,0.97967,4.5624e-07,2.1423e-11,0.0028827,0.97956,4.5848e-07,2.1409e-11,0.0028966,0.97945,4.6076e-07,2.1395e-11,0.0029106,0.97934,4.6308e-07,2.1381e-11,0.0029249,0.97923,4.6544e-07,2.1367e-11,0.0029395,0.97911
4.3939e-07,2.1493e-11,0.0027785,0.98037,4.4135e-07,2.148e-11,0.0027907,0.98027,4.4335e-07,2.1466e-11,0.002803,0.98017,4.4538e-07,2.1453e-11,0.0028156,0.98007,4.4744e-07,2.144e-11,0.0028283,0.97997,4.4954e-07,2.1426e-11,0.0028413,0.97986,4.5167e-07,2.1413e-11,0.0028544,0.97976,4.5384e-07,2.1399e-11,0.0028678,0.97965,4.5605e-07,2.1385e-11,0.0028815,0.97954,4.5829e-07,2.1371e-11,0.0028953,0.97943
4.3334e-07,2.1495e-11,0.0027411,0.98064,4.3522e-07,2.1482e-11,0.0027527,0.98054,4.3713e-07,2.1469e-11,0.0027645,0.98045,4.3907e-07,2.1455e-11,0.0027765,0.98035,4.4104e-07,2.1442e-11,0.0027886,0.98025,4.4304e-07,2.1429e-11,0.002801,0.98015,4.4507e-07,2.1416e-11,0.0028136,0.98005,4.4714e-07,2.1402e-11,0.0028263,0.97995,4.4924e-07,2.1389e-11,0.0028393,0.97985,4.5138e-07,2.1375e-11,0.0028525,0.97974
4.2747e-07,2.1497e-11,0.0027046,0.9809,4.2926e-07,2.1484e-11,0.0027157,0.98081,4.3109e-07,2.1471e-11,0.002727,0.98072,4.3294e-07,2.1458e-11,0.0027385,0.98063,4.3482e-07,2.1445e-11,0.0027501,0.98053,4.3673e-07,2.1432e-11,0.0027619,0.98044,4.3867e-07,2.1419e-11,0.0027739,0.98034,4.4064e-07,2.1406e-11,0.0027861,0.98024,4.4264e-07,2.1392e-11,0.0027985,0.98014,4.4468e-07,2.1379e-11,0.002811,0.98004
4.2175e-07,2.1498e-11,0.0026691,0.98115,4.2347e-07,2.1486e-11,0.0026797,0.98107,4.2521e-07,2.1473e-11,0.0026905,0.98098,4.2698e-07,2.146e-11,0.0027015,0.98089,4.2878e-07,2.1448e-11,0.0027126,0.9808,4.306e-07,2.1435e-11,0.0027239,0.98071,4.3245e-07,2.1422e-11,0.0027354,0.98062,4.3433e-07,2.1409e-11,0.002747,0.98053,4.3624e-07,2.1396e-11,0.0027588,0.98043,4.3818e-07,2.1383e-11,0.0027708,0.98033
4.1618e-07,2.15e-11,0.0026345,0.9814,4.1782e-07,2.1488e-11,0.0026447,0.98132,4.1949e-07,2.1475e-11,0.0026551,0.98124,4.2119e-07,2.1463e-11,0.0026655,0.98115,4.229e-07,2.145e-11,0.0026762,0.98107,4.2465e-07,2.1437e-11,0.002687,0.98098,4.2642e-07,2.1425e-11,0.0026979,0.98089,4.2821e-07,2.1412e-11,0.002709,0.9808,4.3003e-07,2.1399e-11,0.0027203,0.98071,4.3188e-07,2.1386e-11,0.0027318,0.98062
4.1076e-07,2.1502e-11,0.0026008,0.98164,4.1233e-07,2.149e-11,0.0026106,0.98156,4.1393e-07,2.1477e-11,0.0026205,0.98148,4.1555e-07,2.1465e-11,0.0026306,0.9814,4.1719e-07,2.1453e-11,0.0026407,0.98132,4.1886e-07,2.144e-11,0.0026511,0.98124,4.2055e-07,2.1428e-11,0.0026615,0.98115,4.2227e-07,2.1415e-11,0.0026722,0.98107,4.2401e-07,2.1402e-11,0.0026829,0.98098,4.2577e-07,2.139e-11,0.0026939,0.98089
4.0547e-07,2.1504e-11,0.002568,0.98188,4.0698e-07,2.1492e-11,0.0025774,0.9818,4.0851e-07,2.1479e-11,0.0025869,0.98173,4.1007e-07,2.1467e-11,0.0025965,0.98165,4.1164e-07,2.1455e-11,0.0026062,0.98157,4.1323e-07,2.1443e-11,0.0026161,0.98149,4.1485e-07,2.143e-11,0.0026261,0.98141,4.1649e-07,2.1418e-11,0.0026363,0.98133,4.1815e-07,2.1406e-11,0.0026466,0.98124,4.1984e-07,2.1393e-11,0.0026571,0.98116
4.0033e-07,2.1505e-11,0.002536,0.98211,4.0177e-07,2.1493e-11,0.002545,0.98204,4.0324e-07,2.1481e-11,0.0025541,0.98196,4.0473e-07,2.1469e-11,0.0025633,0.98189,4.0623e-07,2.1457e-11,0.0025727,0.98181,4.0776e-07,2.1445e-11,0.0025821,0.98174,4.0931e-07,2.1433e-11,0.0025917,0.98166,4.1088e-07,2.1421e-11,0.0026014,0.98158,4.1247e-07,2.1409e-11,0.0026113,0.9815,4.1408e-07,2.1396e-11,0.0026213,0.98142
3.9531e-07,2.1507e-11,0.0025048,0.98233,3.967e-07,2.1495e-11,0.0025134,0.98226,3.981e-07,2.1483e-11,0.0025221,0.98219,3.9953e-07,2.1471e-11,0.002531,0.98212,4.0097e-07,2.146e-11,0.0025399,0.98205,4.0243e-07,2.1448e-11,0.002549,0.98197,4.0392e-07,2.1436e-11,0.0025582,0.9819,4.0542e-07,2.1424e-11,0.0025675,0.98182,4.0694e-07,2.1412e-11,0.0025769,0.98175,4.0848e-07,2.1399e-11,0.0025865,0.98167
3.9042e-07,2.1508e-11,0.0024743,0.98255,3.9175e-07,2.1497e-11,0.0024826,0.98248,3.931e-07,2.1485e-11,0.002491,0.98241,3.9446e-07,2.1474e-11,0.0024995,0.98235,3.9585e-07,2.1462e-11,0.0025081,0.98228,3.9725e-07,2.145e-11,0.0025168,0.98221,3.9867e-07,2.1438e-11,0.0025256,0.98213,4.0011e-07,2.1426e-11,0.0025345,0.98206,4.0156e-07,2.1414e-11,0.0025435,0.98199,4.0304e-07,2.1403e-11,0.0025527,0.98191
3.8564e-07,2.151e-11,0.0024446,0.98276,3.8692e-07,2.1499e-11,0.0024526,0.9827,3.8822e-07,2.1487e-11,0.0024606,0.98263,3.8953e-07,2.1476e-11,0.0024688,0.98257,3.9085e-07,2.1464e-11,0.002477,0.9825,3.922e-07,2.1452e-11,0.0024853,0.98243,3.9356e-07,2.1441e-11,0.0024938,0.98236,3.9494e-07,2.1429e-11,0.0025023,0.98229,3.9633e-07,2.1417e-11,0.002511,0.98222,3.9775e-07,2.1406e-11,0.0025198,0.98215
3.8099e-07,2.1511e-11,0.0024156,0.98297,3.8222e-07,2.15e-11,0.0024232,0.98291,3.8346e-07,2.1489e-11,0.002431,0.98285,3.8472e-07,2.1477e-11,0.0024388,0.98278,3.8599e-07,2.1466e-11,0.0024467,0.98272,3.8728e-07,2.1455e-11,0.0024547,0.98265,3.8858e-07,2.1443e-11,0.0024628,0.98259,3.899e-07,2.1432e-11,0.002471,0.98252,3.9124e-07,2.142e-11,0.0024793,0.98245,3.9259e-07,2.1408e-11,0.0024877,0.98238
3.7644e-07,2.1513e-11,0.0023873,0.98317,3.7762e-07,2.1502e-11,0.0023946,0.98311,3.7882e-07,2.1491e-11,0.002402,0.98305,3.8002e-07,2.1479e-11,0.0024096,0.98299,3.8125e-07,2.1468e-11,0.0024172,0.98293,3.8248e-07,2.1457e-11,0.0024248,0.98287,3.8373e-07,2.1446e-11,0.0024326,0.9828,3.85e-07,2.1434e-11,0.0024405,0.98274,3.8628e-07,2.1423e-11,0.0024485,0.98268,3.8758e-07,2.1411e-11,0.0024565,0.98261
3.72e-07,2.1514e-11,0.0023596,0.98337,3.7314e-07,2.1503e-11,0.0023667,0.98331,3.7429e-07,2.1492e-11,0.0023738,0.98326,3.7545e-07,2.1481e-11,0.002381,0.9832,3.7662e-07,2.147e-11,0.0023883,0.98314,3.7781e-07,2.1459e-11,0.0023957,0.98308,3.7901e-07,2.1448e-11,0.0024032,0.98302,3.8022e-07,2.1437e-11,0.0024107,0.98295,3.8145e-07,2.1425e-11,0.0024184,0.98289,3.827e-07,2.1414e-11,0.0024261,0.98283
3.6767e-07,2.1516e-11,0.0023326,0.98356,3.6876e-07,2.1505e-11,0.0023394,0.98351,3.6986e-07,2.1494e-11,0.0023462,0.98345,3.7098e-07,2.1483e-11,0.0023532,0.9834,3.7211e-07,2.1472e-11,0.0023602,0.98334,3.7325e-07,2.1461e-11,0.0023673,0.98328,3.744e-07,2.145e-11,0.0023745,0.98322,3.7557e-07,2.1439e-11,0.0023817,0.98316,3.7675e-07,2.1428e-11,0.0023891,0.9831,3.7794e-07,2.1417e-11,0.0023965,0.98304
3.6344e-07,2.1517e-11,0.0023062,0.98375,3.6449e-07,2.1506e-11,0.0023127,0.9837,3.6555e-07,2.1496e-11,0.0023193,0.98365,3.6662e-07,2.1485e-11,0.002326,0.98359,3.677e-07,2.1474e-11,0.0023327,0.98354,3.688e-07,2.1463e-11,0.0023396,0.98348,3.6991e-07,2.1452e-11,0.0023464,0.98342,3.7103e-07,2.1441e-11,0.0023534,0.98337,3.7216e-07,2.143e-11,0.0023605,0.98331,3.7331e-07,2.1419e-11,0.0023676,0.98325
3.593e-07,2.1518e-11,0.0022803,0.98394,3.6031e-07,2.1508e-11,0.0022866,0.98389,3.6133e-07,2.1497e-11,0.002293,0.98383,3.6236e-07,2.1486e-11,0.0022994,0.98378,3.634e-07,2.1476e-11,0.0023059,0.98373,3.6446e-07,2.1465e-11,0.0023125,0.98367,3.6552e-07,2.1454e-11,0.0023191,0.98362,3.666e-07,2.1444e-11,0.0023258,0.98357,3.6769e-07,2.1433e-11,0.0023326,0.98351,3.6879e-07,2.1422e-11,0.0023394,0.98345
3.5525e-07,2.152e-11,0.0022551,0.98412,3.5623e-07,2.1509e-11,0.0022611,0.98407,3.5721e-07,2.1499e-11,0.0022673,0.98402,3.582e-07,2.1488e-11,0.0022735,0.98397,3.5921e-07,2.1478e-11,0.0022797,0.98392,3.6022e-07,2.1467e-11,0.002286,0.98386,3.6124e-07,2.1456e-11,0.0022924,0.98381,3.6228e-07,2.1446e-11,0.0022988,0.98376,3.6333e-07,2.1435e-11,0.0023054,0.98371,3.6438e-07,2.1424e-11,0.0023119,0.98365
3.513e-07,2.1521e-11,0.0022304,0.98429,3.5224e-07,2.1511e-11,0.0022362,0.98425,3.5318e-07,2.15e-11,0.0022421,0.9842,3.5414e-07,2.149e-11,0.0022481,0.98415,3.5511e-07,2.1479e-11,0.0022541,0.9841,3.5608e-07,2.1469e-11,0.0022602,0.98405,3.5707e-07,2.1458e-11,0.0022663,0.984,3.5806e-07,2.1448e-11,0.0022725,0.98395,3.5907e-07,2.1437e-11,0.0022788,0.9839,3.6009e-07,2.1427e-11,0.0022851,0.98385
3.4743e-07,2.1522e-11,0.0022062,0.98447,3.4834e-07,2.1512e-11,0.0022119,0.98442,3.4925e-07,2.1502e-11,0.0022175,0.98437,3.5017e-07,2.1491e-11,0.0022233,0.98433,3.511e-07,2.1481e-11,0.0022291,0.98428,3.5204e-07,2.1471e-11,0.0022349,0.98423,3.5299e-07,2.146e-11,0.0022408,0.98418,3.5395e-07,2.145e-11,0.0022468,0.98413,3.5491e-07,2.144e-11,0.0022528,0.98408,3.5589e-07,2.1429e-11,0.0022589,0.98403
3.4365e-07,2.1523e-11,0.0021826,0.98464,3.4452e-07,2.1513e-11,0.002188,0.98459,3.454e-07,2.1503e-11,0.0021935,0.98455,3.4629e-07,2.1493e-11,0.002199,0.9845,3.4718e-07,2.1483e-11,0.0022046,0.98445,3.4809e-07,2.1473e-11,0.0022103,0.98441,3.49e-07,2.1462e-11,0.0022159,0.98436,3.4992e-07,2.1452e-11,0.0022217,0.98431,3.5086e-07,2.1442e-11,0.0022275,0.98427,3.518e-07,2.1431e-11,0.0022334,0.98422
3.3995e-07,2.1524e-11,0.0021595,0.9848,3.4079e-07,2.1514e-11,0.0021647,0.98476,3.4164e-07,2.1504e-11,0.00217,0.98471,3.4249e-07,2.1494e-11,0.0021753,0.98467,3.4336e-07,2.1484e-11,0.0021807,0.98463,3.4423e-07,2.1474e-11,0.0021861,0.98458,3.4511e-07,2.1464e-11,0.0021916,0.98454,3.46e-07,2.1454e-11,0.0021971,0.98449,3.4689e-07,2.1444e-11,0.0022027,0.98444,3.478e-07,2.1434e-11,0.0022084,0.9844
3.3633e-07,2.1526e-11,0.0021368,0.98496,3.3714e-07,2.1516e-11,0.0021419,0.98492,3.3796e-07,2.1506e-11,0.002147,0.98488,3.3878e-07,2.1496e-11,0.0021521,0.98484,3.3961e-07,2.1486e-11,0.0021573,0.98479,3.4045e-07,2.1476e-11,0.0021625,0.98475,3.413e-07,2.1466e-11,0.0021678,0.98471,3.4216e-07,2.1456e-11,0.0021731,0.98466,3.4302e-07,2.1446e-11,0.0021785,0.98462,3.4389e-07,2.1436e-11,0.002184,0.98457
3.3279e-07,2.1527e-11,0.0021146,0.98512,3.3357e-07,2.1517e-11,0.0021195,0.98508,3.3436e-07,2.1507e-11,0.0021244,0.98504,3.3515e-07,2.1497e-11,0.0021294,0.985,3.3595e-07,2.1488e-11,0.0021344,0.98496,3.3676e-07,2.1478e-11,0.0021394,0.98492,3.3758e-07,2.1468e-11,0.0021445,0.98487,3.384e-07,2.1458e-11,0.0021497,0.98483,3.3924e-07,2.1448e-11,0.0021549,0.98479,3.4008e-07,2.1438e-11,0.0021601,0.98474
3.2932e-07,2.1528e-11,0.0020929,0.98528,3.3007e-07,2.1518e-11,0.0020976,0.98524,3.3083e-07,2.1509e-11,0.0021024,0.9852,3.316e-07,2.1499e-11,0.0021071,0.98516,3.3237e-07,2.1489e-11,0.002112,0.98512,3.3315e-07,2.1479e-11,0.0021168,0.98508,3.3394e-07,2.147e-11,0.0021218,0.98504,3.3473e-07,2.146e-11,0.0021267,0.985,3.3554e-07,2.145e-11,0.0021317,0.98495,3.3635e-07,2.144e-11,0.0021368,0.98491
3.2592e-07,2.1529e-11,0.0020716,0.98543,3.2665e-07,2.1519e-11,0.0020762,0.98539,3.2738e-07,2.151e-11,0.0020808,0.98535,3.2812e-07,2.15e-11,0.0020854,0.98531,3.2887e-07,2.1491e-11,0.00209,0.98527,3.2962e-07,2.1481e-11,0.0020947,0.98524,3.3038e-07,2.1471e-11,0.0020995,0.9852,3.3115e-07,2.1462e-11,0.0021043,0.98516,3.3192e-07,2.1452e-11,0.0021091,0.98512,3.327e-07,2.1442e-11,0.002114,0.98508
3.2259e-07,2.153e-11,0.0020508,0.98558,3.2329e-07,2.1521e-11,0.0020552,0.98554,3.24e-07,2.1511e-11,0.0020596,0.9855,3.2472e-07,2.1502e-11,0.0020641,0.98547,3.2544e-07,2.1492e-11,0.0020686,0.98543,3.2616e-07,2.1483e-11,0.0020731,0.98539,3.269e-07,2.1473e-11,0.0020777,0.98535,3.2764e-07,2.1463e-11,0.0020823,0.98531,3.2838e-07,2.1454e-11,0.002087,0.98527,3.2913e-07,2.1444e-11,0.0020917,0.98524
3.1933e-07,2.1531e-11,0.0020303,0.98572,3.2001e-07,2.1522e-11,0.0020346,0.98569,3.2069e-07,2.1512e-11,0.0020389,0.98565,3.2138e-07,2.1503e-11,0.0020432,0.98561,3.2208e-07,2.1494e-11,0.0020475,0.98558,3.2278e-07,2.1484e-11,0.0020519,0.98554,3.2349e-07,2.1475e-11,0.0020563,0.9855,3.242e-07,2.1465e-11,0.0020608,0.98547,3.2492e-07,2.1456e-11,0.0020653,0.98543,3.2565e-07,2.1446e-11,0.0020698,0.98539
3.1613e-07,2.1532e-11,0.0020103,0.98586,3.1679e-07,2.1523e-11,0.0020144,0.98583,3.1745e-07,2.1514e-11,0.0020186,0.9858,3.1812e-07,2.1504e-11,0.0020227,0.98576,3.1879e-07,2.1495e-11,0.0020269,0.98573,3.1947e-07,2.1486e-11,0.0020312,0.98569,3.2015e-07,2.1476e-11,0.0020354,0.98565,3.2084e-07,2.1467e-11,0.0020397,0.98562,3.2153e-07,2.1458e-11,0.0020441,0.98558,3.2223e-07,2.1448e-11,0.0020484,0.98555
