5.6277e+10,5.2643e+10,9.8485e+14,0,0,0,0,0,0,5.6277e+10,5.2643e+10,9.8485e+14,0,0,0,0,0,0,5.6277e+10,5.2643e+10,9.8485e+14,0,0,0,0,0,0,5.6277e+10,5.2643e+10,9.8485e+14,0,0,0,0,0,0,5.6277e+10,5.2643e+10,9.8485e+14,0,0,0,0,0,0,5.6277e+10,5.2643e+10,9.8485e+14,0,0,0,0,0,0,5.6277e+10,5.2643e+10,9.8485e+14,0,0,0,0,0,0,5.6277e+10,5.2643e+10,9.8485e+14,0,0,0,0,0,0,5.6277e+10,5.2643e+10,9.8485e+14,0,0,0,0,0,0
5.346e+10,5.0007e+10,9.3344e+14,2.651e+11,5.1489e-08,6.7482,3.4949e-26,13.496,13.496,5.5694e+10,5.2097e+10,9.7197e+14,5.4875e+10,1.1562e-08,1.4552,1.6253e-27,2.9105,2.9105,5.6162e+10,5.2535e+10,9.8005e+14,1.0848e+10,2.324e-09,0.2901,6.459e-29,0.58021,0.58021,5.6255e+10,5.2621e+10,9.8165e+14,2.1246e+09,4.5664e-10,0.056909,2.4855e-30,0.11382,0.11382,5.6273e+10,5.2638e+10,9.8196e+14,4.1532e+08,8.9323e-11,0.011128,9.5042e-32,0.022257,0.022257,5.6276e+10,5.2642e+10,9.8202e+14,8.1158e+07,1.7457e-11,0.0021747,3.6297e-33,0.0043495,0.0043495,5.6277e+10,5.2642e+10,9.8203e+14,1.5858e+07,3.4112e-12,0.00042495,1.3859e-34,0.0008499,0.0008499,5.6277e+10,5.2642e+10,9.8204e+14,3.0986e+06,6.6653e-13,8.3033e-05,5.2913e-36,0.00016607,0.00016607,5.6277e+10,5.2643e+10,9.8204e+14,6.0545e+05,1.3024e-13,1.6224e-05,2.0202e-37,3.2449e-05,3.2449e-05
5.0445e+10,4.7187e+10,8.7891e+14,5.476e+11,9.4495e-08,13.153,1.3277e-25,26.306,26.306,5.4987e+10,5.1435e+10,9.5702e+14,1.2105e+11,2.4793e-08,3.1693,7.7089e-27,6.3386,6.3386,5.6018e+10,5.24e+10,9.7477e+14,2.4275e+10,5.1593e-09,0.64751,3.2178e-28,1.295,1.295,5.6226e+10,5.2595e+10,9.7835e+14,4.7678e+09,1.0208e-09,0.12765,1.2505e-29,0.2553,0.2553,5.6267e+10,5.2633e+10,9.7905e+14,9.3255e+08,1.9995e-10,0.024985,4.7909e-31,0.04997,0.04997,5.6275e+10,5.2641e+10,9.7919e+14,1.8225e+08,3.9089e-11,0.0048836,1.8304e-32,0.0097673,0.0097673,5.6277e+10,5.2642e+10,9.7922e+14,3.5613e+07,7.6384e-12,0.0009543,6.9892e-34,0.0019086,0.0019086,5.6277e+10,5.2642e+10,9.7922e+14,6.9586e+06,1.4925e-12,0.00018647,2.6685e-35,0.00037294,0.00037294,5.6277e+10,5.2643e+10,9.7922e+14,1.3597e+06,2.9164e-13,3.6435e-05,1.0188e-36,7.287e-05,7.287e-05
4.7208e+10,4.4159e+10,8.2088e+14,8.4974e+11,1.2817e-07,19.101,2.8001e-25,38.202,38.202,5.4111e+10,5.0616e+10,9.3926e+14,2.0262e+11,4.0082e-08,5.2206,2.0917e-26,10.441,10.441,5.5835e+10,5.2229e+10,9.6882e+14,4.1374e+10,8.711e-09,1.1,9.2859e-28,2.2,2.2,5.619e+10,5.2561e+10,9.7491e+14,8.1561e+09,1.739e-09,0.21822,3.6546e-29,0.43644,0.43644,5.626e+10,5.2627e+10,9.7612e+14,1.5964e+09,3.4123e-10,0.042766,1.4037e-30,0.085532,0.085532,5.6274e+10,5.2639e+10,9.7635e+14,3.1204e+08,6.6729e-11,0.0083612,5.3653e-32,0.016722,0.016722,5.6277e+10,5.2642e+10,9.764e+14,6.0975e+07,1.3041e-11,0.0016339,2.0489e-33,0.0032678,0.0032678,5.6277e+10,5.2642e+10,9.7641e+14,1.1914e+07,2.5482e-12,0.00031927,7.8229e-35,0.00063853,0.00063853,5.6277e+10,5.2643e+10,9.7641e+14,2.328e+06,4.979e-13,6.2384e-05,2.9867e-36,0.00012477,0.00012477
4.3733e+10,4.0908e+10,7.5908e+14,1.1733e+12,1.516e-07,24.432,4.5812e-25,48.864,48.864,5.3001e+10,4.9578e+10,9.1757e+14,3.0564e+11,5.7852e-08,7.7133,4.5661e-26,15.427,15.427,5.5592e+10,5.2002e+10,9.6188e+14,6.3884e+10,1.3296e-08,1.691,2.1947e-27,3.3821,3.3821,5.6141e+10,5.2516e+10,9.7127e+14,1.2655e+10,2.6858e-09,0.3383,8.7833e-29,0.67659,0.67659,5.6251e+10,5.2618e+10,9.7314e+14,2.4794e+09,5.2826e-10,0.066409,3.3847e-30,0.13282,0.13282,5.6272e+10,5.2638e+10,9.7351e+14,4.8472e+08,1.0335e-10,0.012988,1.2946e-31,0.025976,0.025976,5.6276e+10,5.2642e+10,9.7358e+14,9.4722e+07,2.02e-11,0.0025382,4.9444e-33,0.0050764,0.0050764,5.6277e+10,5.2642e+10,9.7359e+14,1.8509e+07,3.9471e-12,0.00049597,1.8879e-34,0.00099195,0.00099195,5.6277e+10,5.2642e+10,9.736e+14,3.6165e+06,7.7125e-13,9.6911e-05,7.2079e-36,0.00019382,0.00019382
4.0021e+10,3.7436e+10,6.9361e+14,1.5181e+12,1.6402e-07,28.93,6.4231e-25,57.859,57.859,5.1561e+10,4.8231e+10,8.9036e+14,4.3887e+11,7.8417e-08,10.775,8.9097e-26,21.549,21.549,5.5259e+10,5.169e+10,9.5343e+14,9.4633e+10,1.9406e-08,2.49,4.7584e-27,4.98,4.98,5.6074e+10,5.2453e+10,9.6732e+14,1.8873e+10,3.9844e-09,0.50391,1.9488e-28,1.0078,1.0078,5.6237e+10,5.2605e+10,9.701e+14,3.7026e+09,7.8622e-10,0.099148,7.5445e-30,0.1983,0.1983,5.6269e+10,5.2635e+10,9.7065e+14,7.2405e+08,1.5392e-10,0.0194,2.8883e-31,0.038799,0.038799,5.6276e+10,5.2641e+10,9.7076e+14,1.415e+08,3.0086e-11,0.0037916,1.1033e-32,0.0075832,0.0075832,5.6277e+10,5.2642e+10,9.7078e+14,2.7649e+07,5.8792e-12,0.00074089,4.2128e-34,0.0014818,0.0014818,5.6277e+10,5.2642e+10,9.7078e+14,5.4024e+06,1.1488e-12,0.00014477,1.6084e-35,0.00028954,0.00028954
3.6128e+10,3.3794e+10,6.2542e+14,1.8795e+12,1.6529e-07,32.333,8.0232e-25,64.666,64.666,4.966e+10,4.6453e+10,8.5547e+14,6.1419e+11,1.0156e-07,14.523,1.6188e-25,29.047,29.047,5.4786e+10,5.1248e+10,9.4262e+14,1.3821e+11,2.7781e-08,3.6055,9.9769e-27,7.2111,7.2111,5.5977e+10,5.2362e+10,9.6286e+14,2.7831e+10,5.8384e-09,0.74181,4.2232e-28,1.4836,1.4836,5.6218e+10,5.2587e+10,9.6696e+14,5.4707e+09,1.1575e-09,0.14644,1.6459e-29,0.29289,0.29289,5.6266e+10,5.2632e+10,9.6777e+14,1.0702e+09,2.2682e-10,0.028672,6.3093e-31,0.057345,0.057345,5.6275e+10,5.264e+10,9.6793e+14,2.0916e+08,4.4344e-11,0.0056046,2.4108e-32,0.011209,0.011209,5.6277e+10,5.2642e+10,9.6796e+14,4.0871e+07,8.6655e-12,0.0010952,9.2055e-34,0.0021904,0.0021904,5.6277e+10,5.2642e+10,9.6797e+14,7.986e+06,1.6932e-12,0.000214,3.5147e-35,0.000428,0.000428
3.2194e+10,3.0115e+10,5.5693e+14,2.2449e+12,1.5666e-07,34.413,9.0889e-25,68.827,68.827,4.7153e+10,4.4108e+10,8.1048e+14,8.4506e+11,1.257e-07,18.974,2.7628e-25,37.947,37.947,5.4095e+10,5.0601e+10,9.2816e+14,2.0178e+11,3.9431e-08,5.1973,2.0731e-26,10.395,10.395,5.5831e+10,5.2225e+10,9.5759e+14,4.1215e+10,8.5765e-09,1.0957,9.2136e-28,2.1914,2.1914,5.6189e+10,5.256e+10,9.6366e+14,8.1253e+09,1.7124e-09,0.21739,3.627e-29,0.43478,0.43478,5.626e+10,5.2626e+10,9.6486e+14,1.5904e+09,3.3602e-10,0.042605,1.3931e-30,0.085211,0.085211,5.6274e+10,5.2639e+10,9.651e+14,3.1087e+08,6.5712e-11,0.0083298,5.325e-32,0.01666,0.01666,5.6277e+10,5.2642e+10,9.6514e+14,6.0746e+07,1.2842e-11,0.0016278,2.0335e-33,0.0032556,0.0032556,5.6277e+10,5.2642e+10,9.6515e+14,1.187e+07,2.5093e-12,0.00031807,7.7642e-35,0.00063613,0.00063613
2.8449e+10,2.6612e+10,4.9203e+14,2.5933e+12,1.4129e-07,35.13,9.4717e-25,70.261,70.261,4.3933e+10,4.1095e+10,7.5369e+14,1.1411e+12,1.4707e-07,23.871,4.3733e-25,47.743,47.743,5.307e+10,4.9643e+10,9.0814e+14,2.9569e+11,5.5467e-08,7.4721,4.2849e-26,14.944,14.944,5.5608e+10,5.2016e+10,9.5102e+14,6.1713e+10,1.2703e-08,1.634,2.0492e-27,3.2681,3.2681,5.6145e+10,5.2518e+10,9.601e+14,1.2221e+10,2.5641e-09,0.32672,8.1922e-29,0.65343,0.65343,5.6251e+10,5.2618e+10,9.619e+14,2.3943e+09,5.0423e-10,0.064129,3.1563e-30,0.12826,0.12826,5.6272e+10,5.2638e+10,9.6226e+14,4.6807e+08,9.8648e-11,0.012542,1.2072e-31,0.025083,0.025083,5.6276e+10,5.2642e+10,9.6232e+14,9.1468e+07,1.928e-11,0.002451,4.6105e-33,0.004902,0.004902,5.6277e+10,5.2642e+10,9.6234e+14,1.7873e+07,3.7674e-12,0.00047893,1.7604e-34,0.00095786,0.00095786
2.5118e+10,2.3496e+10,4.3447e+14,2.9042e+12,1.2336e-07,34.734,9.2593e-25,69.469,69.469,4.0013e+10,3.7428e+10,6.8543e+14,1.5013e+12,1.6026e-07,28.603,6.279e-25,57.207,57.207,5.1557e+10,4.8227e+10,8.7998e+14,4.3412e+11,7.6658e-08,10.657,8.7167e-26,21.315,21.315,5.5258e+10,5.169e+10,9.4236e+14,9.3616e+10,1.8974e-08,2.4632,4.6565e-27,4.9264,4.9264,5.6074e+10,5.2452e+10,9.561e+14,1.867e+10,3.8959e-09,0.4985,1.9072e-28,0.99701,0.99701,5.6237e+10,5.2605e+10,9.5886e+14,3.6629e+09,7.6877e-10,0.098085,7.3835e-30,0.19617,0.19617,5.6269e+10,5.2635e+10,9.594e+14,7.1628e+08,1.505e-10,0.019191,2.8267e-31,0.038383,0.038383,5.6276e+10,5.2641e+10,9.595e+14,1.3998e+08,2.9419e-11,0.0037509,1.0798e-32,0.0075018,0.0075018,5.6277e+10,5.2642e+10,9.5952e+14,2.7352e+07,5.7487e-12,0.00073295,4.1229e-34,0.0014659,0.0014659
2.2307e+10,2.0866e+10,3.8599e+14,3.1674e+12,1.0615e-07,33.643,8.6863e-25,67.285,67.285,3.5572e+10,3.3275e+10,6.0881e+14,1.9094e+12,1.6095e-07,32.342,8.0279e-25,64.685,64.685,4.9348e+10,4.616e+10,8.4027e+14,6.358e+11,1.0261e-07,14.94,1.7129e-25,29.879,29.879,5.4705e+10,5.1171e+10,9.3029e+14,1.4411e+11,2.8545e-08,3.7538,1.0814e-26,7.5075,7.5075,5.596e+10,5.2346e+10,9.5138e+14,2.9067e+10,6.0232e-09,0.77452,4.6039e-28,1.549,1.549,5.6215e+10,5.2584e+10,9.5566e+14,5.7157e+09,1.1951e-09,0.15299,1.7964e-29,0.30598,0.30598,5.6265e+10,5.2631e+10,9.5651e+14,1.1182e+09,2.3423e-10,0.029958,6.8878e-31,0.059916,0.059916,5.6275e+10,5.264e+10,9.5667e+14,2.1854e+08,4.5794e-11,0.005856,2.6319e-32,0.011712,0.011712,5.6277e+10,5.2642e+10,9.5671e+14,4.2704e+07,8.9489e-12,0.0011443,1.005e-33,0.0022887,0.0022887
1.9997e+10,1.8705e+10,3.4618e+14,3.3844e+12,9.1187e-08,32.225,7.9696e-25,64.449,64.449,3.0979e+10,2.8978e+10,5.3007e+14,2.3326e+12,1.4908e-07,34.407,9.0856e-25,68.814,68.814,4.6215e+10,4.323e+10,7.8532e+14,9.2133e+11,1.3015e-07,20.275,3.1547e-25,40.549,40.549,5.3814e+10,5.0338e+10,9.1262e+14,2.2514e+11,4.3035e-08,5.7688,2.5541e-26,11.538,11.538,5.5771e+10,5.2169e+10,9.4541e+14,4.6257e+10,9.4929e-09,1.2284,1.1581e-27,2.4568,2.4568,5.6177e+10,5.2549e+10,9.5222e+14,9.1303e+09,1.901e-09,0.24423,4.5778e-29,0.48846,0.48846,5.6258e+10,5.2624e+10,9.5357e+14,1.7876e+09,3.7324e-10,0.047885,1.7598e-30,0.09577,0.09577,5.6273e+10,5.2639e+10,9.5384e+14,3.4942e+08,7.2999e-11,0.0093627,6.7276e-32,0.018725,0.018725,5.6277e+10,5.2642e+10,9.5389e+14,6.828e+07,1.4266e-11,0.0018297,2.5692e-33,0.0036593,0.0036593
1.8106e+10,1.6937e+10,3.1361e+14,3.5625e+12,7.8737e-08,30.714,7.24e-25,61.429,61.429,2.6719e+10,2.4993e+10,4.5738e+14,2.7264e+12,1.2968e-07,34.687,9.2342e-25,69.375,69.375,4.205e+10,3.9334e+10,7.1343e+14,1.3007e+12,1.5187e-07,26.042,5.205e-25,52.085,52.085,5.2385e+10,4.9002e+10,8.8607e+14,3.5471e+11,6.4084e-08,8.8479,6.0081e-26,17.696,17.696,5.5452e+10,5.1871e+10,9.3731e+14,7.5126e+10,1.5198e-08,1.9836,3.0198e-27,3.9673,3.9673,5.6113e+10,5.2489e+10,9.4835e+14,1.4924e+10,3.0911e-09,0.39875,1.2203e-28,0.79751,0.79751,5.6245e+10,5.2613e+10,9.5055e+14,2.9256e+09,6.0879e-10,0.078353,4.7116e-30,0.15671,0.15671,5.6271e+10,5.2637e+10,9.5098e+14,5.7201e+08,1.1914e-10,0.015327,1.8028e-31,0.030653,0.030653,5.6276e+10,5.2641e+10,9.5107e+14,1.1178e+08,2.3286e-11,0.0029954,6.8858e-33,0.0059907,0.0059907
1.6548e+10,1.5479e+10,2.8676e+14,3.7099e+12,6.8518e-08,29.231,6.5577e-25,58.462,58.462,2.3146e+10,2.1651e+10,3.9654e+14,3.0586e+12,1.0926e-07,33.709,8.7207e-25,67.418,67.418,3.7026e+10,3.4634e+10,6.2764e+14,1.7585e+12,1.5905e-07,31.002,7.3764e-25,62.004,62.004,5.0142e+10,4.6903e+10,8.4608e+14,5.5785e+11,9.2114e-08,13.319,1.3614e-25,26.638,26.638,5.491e+10,5.1364e+10,9.255e+14,1.2416e+11,2.4559e-08,3.2463,8.088e-27,6.4927,6.4927,5.6003e+10,5.2386e+10,9.437e+14,2.4939e+10,5.1299e-09,0.66502,3.3941e-28,1.33,1.33,5.6223e+10,5.2592e+10,9.4737e+14,4.8996e+09,1.0158e-09,0.13117,1.3204e-29,0.26234,0.26234,5.6267e+10,5.2633e+10,9.481e+14,9.5839e+08,1.9899e-10,0.025677,5.06e-31,0.051354,0.051354,5.6275e+10,5.2641e+10,9.4824e+14,1.873e+08,3.8902e-11,0.005019,1.9333e-32,0.010038,0.010038
1.5247e+10,1.4262e+10,2.6434e+14,3.8332e+12,6.013e-08,27.828,5.9433e-25,55.656,55.656,2.0311e+10,1.8999e+10,3.4833e+14,3.3237e+12,9.1525e-08,32.144,7.9298e-25,64.288,64.288,3.1652e+10,2.9607e+10,5.3656e+14,2.2494e+12,1.4869e-07,33.901,8.8204e-25,67.803,67.803,4.6746e+10,4.3727e+10,7.8718e+14,8.6488e+11,1.2387e-07,19.251,2.8442e-25,38.502,38.502,5.3974e+10,5.0488e+10,9.0721e+14,2.0858e+11,3.9752e-08,5.3606,2.2054e-26,10.721,10.721,5.5805e+10,5.2201e+10,9.3762e+14,4.2712e+10,8.6985e-09,1.1349,9.8858e-28,2.2699,2.2699,5.6184e+10,5.2556e+10,9.4391e+14,8.4247e+09,1.739e-09,0.22538,3.8985e-29,0.45077,0.45077,5.6259e+10,5.2626e+10,9.4516e+14,1.6492e+09,3.4132e-10,0.044179,1.4979e-30,0.088358,0.088358,5.6274e+10,5.2639e+10,9.454e+14,3.2236e+08,6.6751e-11,0.0086377,5.7261e-32,0.017275,0.017275
1.4146e+10,1.3233e+10,2.4537e+14,3.9377e+12,5.3198e-08,26.524,5.3992e-25,53.047,53.047,1.809e+10,1.6922e+10,3.1057e+14,3.5325e+12,7.7247e-08,30.429,7.106e-25,60.857,60.857,2.6683e+10,2.4959e+10,4.5272e+14,2.7057e+12,1.2721e-07,34.376,9.0692e-25,68.752,68.752,4.2007e+10,3.9294e+10,7.0638e+14,1.293e+12,1.4934e-07,25.863,5.1336e-25,51.726,51.726,5.2369e+10,4.8987e+10,8.7793e+14,3.5306e+11,6.3179e-08,8.8038,5.9484e-26,17.608,17.608,5.5449e+10,5.1867e+10,9.2892e+14,7.4802e+10,1.4996e-08,1.975,2.9934e-27,3.9499,3.9499,5.6113e+10,5.2489e+10,9.3992e+14,1.4861e+10,3.0506e-09,0.39706,1.21e-28,0.79412,0.79412,5.6245e+10,5.2612e+10,9.4211e+14,2.9133e+09,6.0084e-10,0.078022,4.6719e-30,0.15604,0.15604,5.6271e+10,5.2637e+10,9.4254e+14,5.696e+08,1.1758e-10,0.015262,1.7876e-31,0.030524,0.030524
1.3204e+10,1.2351e+10,2.2911e+14,4.0274e+12,4.7419e-08,25.32,4.9204e-25,50.641,50.641,1.6331e+10,1.5277e+10,2.8064e+14,3.6988e+12,6.5983e-08,28.763,6.3494e-25,57.527,57.527,2.2661e+10,2.1198e+10,3.8502e+14,3.0776e+12,1.0451e-07,33.208,8.4635e-25,66.416,66.416,3.62e+10,3.3862e+10,6.0843e+14,1.8183e+12,1.5588e-07,31.342,7.5389e-25,62.684,62.684,4.97e+10,4.649e+10,8.3126e+14,5.9274e+11,9.5314e-08,14.027,1.5101e-25,28.055,28.055,5.4797e+10,5.1258e+10,9.1539e+14,1.3326e+11,2.6017e-08,3.4771,9.2787e-27,6.9541,6.9541,5.5979e+10,5.2364e+10,9.3491e+14,2.6829e+10,5.465e-09,0.71512,3.9247e-28,1.4302,1.4302,5.6219e+10,5.2588e+10,9.3886e+14,5.2734e+09,1.0834e-09,0.14116,1.5294e-29,0.28233,0.28233,5.6266e+10,5.2632e+10,9.3964e+14,1.0316e+09,2.1228e-10,0.027638,5.8624e-31,0.055276,0.055276
1.2387e+10,1.1587e+10,2.1501e+14,4.1053e+12,4.2556e-08,24.213,4.4995e-25,48.426,48.426,1.4911e+10,1.3948e+10,2.5647e+14,3.8338e+12,5.7064e-08,27.22,5.6864e-25,54.44,54.44,1.9615e+10,1.8348e+10,3.3378e+14,3.3616e+12,8.5663e-08,31.397,7.5656e-25,62.795,62.795,3.0145e+10,2.8198e+10,5.0698e+14,2.3682e+12,1.4087e-07,33.992,8.8678e-25,67.984,67.984,4.5516e+10,4.2577e+10,7.5992e+14,9.6808e+11,1.3033e-07,20.981,3.3784e-25,41.962,41.962,5.3595e+10,5.0134e+10,8.9288e+14,2.4076e+11,4.4842e-08,6.144,2.8971e-26,12.288,12.288,5.5723e+10,5.2125e+10,9.279e+14,4.9693e+10,1.0001e-08,1.3185,1.3342e-27,2.637,2.637,5.6168e+10,5.254e+10,9.3522e+14,9.8179e+09,2.0073e-09,0.26258,5.2915e-29,0.52516,0.52516,5.6256e+10,5.2623e+10,9.3666e+14,1.9226e+09,3.943e-10,0.051499,2.0354e-30,0.103,0.103
1.1671e+10,1.0918e+10,2.0267e+14,4.1737e+12,3.8425e-08,23.195,4.1289e-25,46.39,46.39,1.3742e+10,1.2854e+10,2.3655e+14,3.9454e+12,4.9917e-08,25.816,5.1148e-25,51.632,51.632,1.732e+10,1.6201e+10,2.9515e+14,3.5774e+12,7.1177e-08,29.502,6.6799e-25,59.004,59.004,2.4903e+10,2.3295e+10,4.1948e+14,2.8477e+12,1.1579e-07,33.767,8.7509e-25,67.535,67.535,3.9715e+10,3.715e+10,6.6245e+14,1.4886e+12,1.5243e-07,28.15,6.0817e-25,56.301,56.301,5.1428e+10,4.8106e+10,8.5463e+14,4.3427e+11,7.4289e-08,10.634,8.679e-26,21.268,21.268,5.5228e+10,5.1661e+10,9.1698e+14,9.3917e+10,1.8512e-08,2.4697,4.6812e-27,4.9395,4.9395,5.6068e+10,5.2447e+10,9.3077e+14,1.8742e+10,3.8068e-09,0.50036,1.9214e-28,1.0007,1.0007,5.6236e+10,5.2604e+10,9.3353e+14,3.6774e+09,7.5141e-10,0.098472,7.4418e-30,0.19694,0.19694
1.1039e+10,1.0326e+10,1.9175e+14,4.2341e+12,3.4886e-08,22.257,3.8017e-25,44.514,44.514,1.2762e+10,1.1937e+10,2.1984e+14,4.0394e+12,4.4107e-08,24.545,4.6237e-25,49.09,49.09,1.5551e+10,1.4547e+10,2.6538e+14,3.7449e+12,6.0154e-08,27.73,5.9016e-25,55.461,55.461,2.0956e+10,1.9603e+10,3.5369e+14,3.2122e+12,9.2671e-08,32.053,7.8851e-25,64.107,64.107,3.2988e+10,3.0858e+10,5.5043e+14,2.0939e+12,1.4798e-07,32.89,8.3022e-25,65.781,65.781,4.772e+10,4.4638e+10,7.9139e+14,7.6475e+11,1.1241e-07,17.377,2.3173e-25,34.753,34.753,5.4258e+10,5.0754e+10,8.9836e+14,1.8011e+11,3.4171e-08,4.6534,1.6619e-26,9.3067,9.3067,5.5866e+10,5.2258e+10,9.2466e+14,3.6666e+10,7.372e-09,0.97535,7.3009e-28,1.9507,1.9507,5.6196e+10,5.2567e+10,9.3006e+14,7.2233e+09,1.4694e-09,0.19328,2.8672e-29,0.38657,0.38657
1.0477e+10,9.8e+09,1.8203e+14,4.2881e+12,3.1829e-08,21.391,3.5118e-25,42.782,42.782,1.1927e+10,1.1156e+10,2.056e+14,4.1197e+12,3.9318e-08,23.396,4.2007e-25,46.791,46.791,1.4152e+10,1.3238e+10,2.418e+14,3.8783e+12,5.1653e-08,26.134,5.2417e-25,52.268,52.268,1.8101e+10,1.6932e+10,3.0611e+14,3.4787e+12,7.5023e-08,29.983,6.8995e-25,59.966,59.966,2.6707e+10,2.4982e+10,4.4636e+14,2.663e+12,1.2356e-07,33.865,8.8017e-25,67.73,67.73,4.2036e+10,3.9321e+10,6.9632e+14,1.2711e+12,1.4481e-07,25.443,4.968e-25,50.885,50.885,5.238e+10,4.8997e+10,8.6501e+14,3.4679e+11,6.1158e-08,8.6495,5.7416e-26,17.299,17.299,5.5451e+10,5.187e+10,9.151e+14,7.3457e+10,1.4508e-08,1.9395,2.887e-27,3.8791,3.8791,5.6113e+10,5.2489e+10,9.259e+14,1.4593e+10,2.9509e-09,0.3899,1.1667e-28,0.7798,0.7798
9.9719e+09,9.3279e+09,1.7331e+14,4.3365e+12,2.917e-08,20.591,3.2538e-25,41.181,41.181,1.1206e+10,1.0482e+10,1.933e+14,4.1892e+12,3.5319e-08,22.353,3.8347e-25,44.706,44.706,1.3016e+10,1.2175e+10,2.2263e+14,3.9874e+12,4.4971e-08,24.712,4.6867e-25,49.424,49.424,1.5996e+10,1.4963e+10,2.71e+14,3.6772e+12,6.2043e-08,28.008,6.0204e-25,56.016,56.016,2.192e+10,2.0504e+10,3.6722e+14,3.1014e+12,9.7167e-08,32.371,8.042e-25,64.742,64.742,3.4863e+10,3.2611e+10,5.7759e+14,1.9117e+12,1.4983e-07,31.734,7.7289e-25,63.469,63.469,4.893e+10,4.577e+10,8.063e+14,6.5235e+11,1.0017e-07,15.199,1.7729e-25,30.398,30.398,5.4594e+10,5.1068e+10,8.9838e+14,1.493e+11,2.8501e-08,3.8811,1.156e-26,7.7621,7.7621,5.5937e+10,5.2324e+10,9.2023e+14,3.0183e+10,6.0471e-09,0.80392,4.96e-28,1.6078,1.6078
9.5164e+09,8.9018e+09,1.6543e+14,4.3802e+12,2.684e-08,19.848,3.0234e-25,39.697,39.697,1.0577e+10,9.8937e+09,1.8255e+14,4.2501e+12,3.1939e-08,21.405,3.5162e-25,42.809,42.809,1.2073e+10,1.1293e+10,2.0671e+14,4.0784e+12,3.9615e-08,23.445,4.2185e-25,46.89,46.89,1.439e+10,1.3461e+10,2.4419e+14,3.83e+12,5.2381e-08,26.243,5.2855e-25,52.486,52.486,1.8567e+10,1.7368e+10,3.118e+14,3.4123e+12,7.6887e-08,30.168,6.9846e-25,60.335,60.335,2.778e+10,2.5986e+10,4.6104e+14,2.5484e+12,1.2704e-07,33.71,8.7211e-25,67.42,67.42,4.324e+10,4.0447e+10,7.116e+14,1.1562e+12,1.3846e-07,23.804,4.3487e-25,47.608,47.608,5.2826e+10,4.9415e+10,8.6701e+14,3.0518e+11,5.4403e-08,7.6765,4.5225e-26,15.353,15.353,5.5553e+10,5.1965e+10,9.112e+14,6.4026e+10,1.2615e-08,1.6936,2.2014e-27,3.3873,3.3873
9.103e+09,8.5151e+09,1.5828e+14,4.42e+12,2.4788e-08,19.158,2.8169e-25,38.317,38.317,1.0022e+10,9.3745e+09,1.7306e+14,4.304e+12,2.9053e-08,20.538,3.2374e-25,41.077,41.077,1.1276e+10,1.0548e+10,1.9325e+14,4.1557e+12,3.5246e-08,22.313,3.8209e-25,44.626,44.626,1.3123e+10,1.2276e+10,2.2301e+14,3.9516e+12,4.5013e-08,24.692,4.6794e-25,49.385,49.385,1.6187e+10,1.5142e+10,2.7244e+14,3.6357e+12,6.2406e-08,28.023,6.0268e-25,56.046,56.046,2.2341e+10,2.0898e+10,3.7179e+14,3.043e+12,9.838e-08,32.372,8.0426e-25,64.744,64.744,3.5634e+10,3.3333e+10,5.8654e+14,1.8309e+12,1.4894e-07,31.066,7.4065e-25,62.131,62.131,4.9383e+10,4.6194e+10,8.0872e+14,6.0835e+11,9.4563e-08,14.305,1.5705e-25,28.61,28.61,5.4714e+10,5.118e+10,8.9487e+14,1.3777e+11,2.6255e-08,3.5893,9.8874e-27,7.1786,7.1786
8.726e+09,8.1624e+09,1.5176e+14,4.4563e+12,2.2969e-08,18.516,2.6311e-25,37.031,37.031,9.5278e+09,8.9124e+09,1.6461e+14,4.3521e+12,2.6566e-08,19.744,2.9919e-25,39.489,39.489,1.0592e+10,9.9082e+09,1.8168e+14,4.2224e+12,3.1627e-08,21.296,3.4806e-25,42.592,42.592,1.2096e+10,1.1314e+10,2.0582e+14,4.051e+12,3.9252e-08,23.331,4.1777e-25,46.663,46.663,1.4427e+10,1.3495e+10,2.433e+14,3.8028e+12,5.1954e-08,26.124,5.2377e-25,52.248,52.248,1.8641e+10,1.7437e+10,3.1108e+14,3.3844e+12,7.6384e-08,30.04,6.9254e-25,60.079,60.079,2.7949e+10,2.6143e+10,4.6094e+14,2.5176e+12,1.2623e-07,33.503,8.6146e-25,67.007,67.007,4.3418e+10,4.0614e+10,7.1014e+14,1.1333e+12,1.36e-07,23.43,4.213e-25,46.859,46.859,5.289e+10,4.9474e+10,8.6275e+14,2.9771e+11,5.2875e-08,7.4977,4.3143e-26,14.995,14.995
8.3805e+09,7.8392e+09,1.4578e+14,4.4896e+12,2.1348e-08,17.915,2.4632e-25,35.831,35.831,9.085e+09,8.4982e+09,1.5703e+14,4.3953e+12,2.4405e-08,19.014,2.7745e-25,38.027,38.027,9.9978e+09,9.3521e+09,1.7162e+14,4.2806e+12,2.8586e-08,20.378,3.187e-25,40.756,40.756,1.1242e+10,1.0516e+10,1.9153e+14,4.1341e+12,3.4647e-08,22.131,3.7588e-25,44.261,44.261,1.3071e+10,1.2227e+10,2.2082e+14,3.933e+12,4.4184e-08,24.479,4.5988e-25,48.958,48.958,1.6095e+10,1.5056e+10,2.6929e+14,3.6226e+12,6.1113e-08,27.763,5.9156e-25,55.526,55.526,2.2138e+10,2.0708e+10,3.6624e+14,3.0434e+12,9.604e-08,32.081,7.8985e-25,64.161,64.161,3.5265e+10,3.2987e+10,5.7702e+14,1.8526e+12,1.4673e-07,31.108,7.4269e-25,62.216,62.216,4.9169e+10,4.5994e+10,8.0034e+14,6.2342e+11,9.5486e-08,14.596,1.635e-25,29.191,29.191
8.0626e+09,7.5419e+09,1.4028e+14,4.5202e+12,1.9898e-08,17.353,2.3112e-25,34.707,34.707,8.6853e+09,8.1244e+09,1.5018e+14,4.4344e+12,2.2513e-08,18.339,2.581e-25,36.677,36.677,9.4752e+09,8.8632e+09,1.6276e+14,4.332e+12,2.6003e-08,19.545,2.9317e-25,39.089,39.089,1.0521e+10,9.8413e+09,1.7943e+14,4.2049e+12,3.0895e-08,21.065,3.4054e-25,42.129,42.129,1.1991e+10,1.1217e+10,2.0289e+14,4.0377e+12,3.8232e-08,23.053,4.0788e-25,46.107,46.107,1.4256e+10,1.3336e+10,2.3907e+14,3.7971e+12,5.037e-08,25.775,5.0988e-25,51.551,51.551,1.8304e+10,1.7122e+10,3.0379e+14,3.3959e+12,7.3499e-08,29.598,6.7233e-25,59.196,59.196,2.7176e+10,2.5421e+10,4.4575e+14,2.572e+12,1.2127e-07,33.283,8.5014e-25,66.565,66.565,4.2577e+10,3.9827e+10,6.9231e+14,1.2004e+12,1.3772e-07,24.336,4.5452e-25,48.672,48.672
7.7691e+09,7.2674e+09,1.352e+14,4.5485e+12,1.8595e-08,16.827,2.1729e-25,33.653,33.653,8.3224e+09,7.7849e+09,1.4396e+14,4.4699e+12,2.0845e-08,17.713,2.408e-25,35.427,35.427,9.0115e+09,8.4294e+09,1.5489e+14,4.3778e+12,2.3783e-08,18.784,2.708e-25,37.569,37.569,9.9007e+09,9.2613e+09,1.6902e+14,4.2661e+12,2.7785e-08,20.111,3.1042e-25,40.223,40.223,1.1106e+10,1.0389e+10,1.8819e+14,4.1241e+12,3.355e-08,21.81,3.6507e-25,43.62,43.62,1.2863e+10,1.2033e+10,2.1615e+14,3.9309e+12,4.2538e-08,24.076,4.4488e-25,48.153,48.153,1.5728e+10,1.4713e+10,2.6179e+14,3.6367e+12,5.8283e-08,27.236,5.6931e-25,54.472,54.472,2.1337e+10,1.9959e+10,3.5122e+14,3.0991e+12,9.0394e-08,31.486,7.6084e-25,62.972,62.972,3.3747e+10,3.1568e+10,5.4924e+14,1.9758e+12,1.4254e-07,31.75,7.7364e-25,63.499,63.499
7.4972e+09,7.013e+09,1.3049e+14,4.5748e+12,1.7419e-08,16.331,2.0469e-25,32.663,32.663,7.9913e+09,7.4752e+09,1.3829e+14,4.5024e+12,1.9366e-08,17.132,2.2526e-25,34.264,34.264,8.5965e+09,8.0413e+09,1.4785e+14,4.4188e+12,2.186e-08,18.088,2.5109e-25,36.175,36.175,9.3609e+09,8.7563e+09,1.5995e+14,4.3196e+12,2.5172e-08,19.254,2.845e-25,38.507,38.507,1.0366e+10,9.6967e+09,1.7587e+14,4.1971e+12,2.9782e-08,20.717,3.2938e-25,41.433,41.433,1.1767e+10,1.1007e+10,1.9808e+14,4.0374e+12,3.6626e-08,22.621,3.9272e-25,45.242,45.242,1.3894e+10,1.2997e+10,2.3184e+14,3.8108e+12,4.7779e-08,25.212,4.8782e-25,50.423,50.423,1.7607e+10,1.647e+10,2.9083e+14,3.4419e+12,6.8599e-08,28.856,6.3904e-25,57.712,57.712,2.5566e+10,2.3915e+10,4.1739e+14,2.7017e+12,1.1221e-07,32.889,8.3016e-25,65.778,65.778
7.2445e+09,6.7766e+09,1.2611e+14,4.5992e+12,1.6354e-08,15.865,1.9317e-25,31.73,31.73,7.6876e+09,7.1911e+09,1.3308e+14,4.5323e+12,1.8047e-08,16.59,2.1124e-25,33.181,33.181,8.2227e+09,7.6916e+09,1.415e+14,4.456e+12,2.0179e-08,17.446,2.336e-25,34.893,34.893,8.8856e+09,8.3117e+09,1.5195e+14,4.367e+12,2.2949e-08,18.477,2.62e-25,36.953,36.953,9.7356e+09,9.1068e+09,1.6536e+14,4.2597e+12,2.6692e-08,19.747,2.9926e-25,39.493,39.493,1.0877e+10,1.0175e+10,1.834e+14,4.1247e+12,3.2026e-08,21.363,3.5026e-25,42.726,42.726,1.2517e+10,1.1709e+10,2.0933e+14,3.9434e+12,4.0217e-08,23.503,4.2395e-25,47.007,47.007,1.5132e+10,1.4155e+10,2.5073e+14,3.6735e+12,5.4246e-08,26.469,5.3767e-25,52.937,52.937,2.0072e+10,1.8776e+10,3.2899e+14,3.1976e+12,8.2185e-08,30.561,7.168e-25,61.122,61.122
7.0089e+09,6.5562e+09,1.2202e+14,4.622e+12,1.5386e-08,15.425,1.8261e-25,30.85,30.85,7.408e+09,6.9296e+09,1.2828e+14,4.5598e+12,1.6865e-08,16.084,1.9854e-25,32.168,32.168,7.8837e+09,7.3745e+09,1.3574e+14,4.4898e+12,1.87e-08,16.854,2.18e-25,33.708,33.708,8.4633e+09,7.9167e+09,1.4484e+14,4.4093e+12,2.1037e-08,17.769,2.4231e-25,35.538,35.538,9.1904e+09,8.5968e+09,1.5627e+14,4.3142e+12,2.4116e-08,18.879,2.7355e-25,37.759,37.759,1.0138e+10,9.483e+09,1.7118e+14,4.198e+12,2.8355e-08,20.265,3.1517e-25,40.529,40.529,1.144e+10,1.0701e+10,1.917e+14,4.0484e+12,3.4556e-08,22.053,3.7325e-25,44.106,44.106,1.3378e+10,1.2514e+10,2.2225e+14,3.8405e+12,4.4443e-08,24.463,4.5929e-25,48.927,48.927,1.6646e+10,1.5571e+10,2.7385e+14,3.5131e+12,6.2334e-08,27.846,5.951e-25,55.692,55.692
6.7888e+09,6.3503e+09,1.1821e+14,4.6433e+12,1.4503e-08,15.01,1.729e-25,30.019,30.019,7.1496e+09,6.6878e+09,1.2384e+14,4.5853e+12,1.5802e-08,15.61,1.8701e-25,31.22,31.22,7.5746e+09,7.0854e+09,1.3048e+14,4.5206e+12,1.739e-08,16.305,2.0402e-25,32.609,32.609,8.085e+09,7.5629e+09,1.3846e+14,4.4473e+12,1.9378e-08,17.121,2.2497e-25,34.242,34.242,8.7132e+09,8.1505e+09,1.483e+14,4.3623e+12,2.194e-08,18.098,2.5139e-25,36.197,36.197,9.5113e+09,8.897e+09,1.6082e+14,4.2607e+12,2.5365e-08,19.296,2.8576e-25,38.592,38.592,1.057e+10,9.8872e+09,1.7743e+14,4.1343e+12,3.0178e-08,20.808,3.3228e-25,41.615,41.615,1.2063e+10,1.1284e+10,2.0088e+14,3.9676e+12,3.742e-08,22.789,3.9856e-25,45.578,45.578,1.4373e+10,1.3445e+10,2.3722e+14,3.7266e+12,4.9456e-08,25.505,4.9924e-25,51.01,51.01
6.5826e+09,6.1574e+09,1.1463e+14,4.6632e+12,1.3696e-08,14.616,1.6396e-25,29.232,29.232,6.9099e+09,6.4636e+09,1.1972e+14,4.609e+12,1.484e-08,15.164,1.7648e-25,30.329,30.329,7.2914e+09,6.8205e+09,1.2566e+14,4.549e+12,1.6222e-08,15.794,1.9143e-25,31.587,31.587,7.7437e+09,7.2436e+09,1.3271e+14,4.4818e+12,1.7926e-08,16.525,2.0958e-25,33.051,33.051,8.2912e+09,7.7557e+09,1.4125e+14,4.405e+12,2.0079e-08,17.391,2.3211e-25,34.781,34.781,8.972e+09,8.3926e+09,1.5188e+14,4.315e+12,2.2886e-08,18.434,2.608e-25,36.869,36.869,9.8488e+09,9.2127e+09,1.6559e+14,4.2062e+12,2.67e-08,19.726,2.9862e-25,39.451,39.451,1.1034e+10,1.0321e+10,1.8414e+14,4.0684e+12,3.2174e-08,21.376,3.5067e-25,42.751,42.751,1.2754e+10,1.193e+10,2.1108e+14,3.8815e+12,4.067e-08,23.572,4.2642e-25,47.143,47.143
6.389e+09,5.9763e+09,1.1128e+14,4.682e+12,1.2955e-08,14.243,1.557e-25,28.487,28.487,6.6868e+09,6.2549e+09,1.1589e+14,4.631e+12,1.3968e-08,14.745,1.6686e-25,29.49,29.49,7.0307e+09,6.5767e+09,1.2122e+14,4.5752e+12,1.5177e-08,15.317,1.8004e-25,30.633,30.633,7.4338e+09,6.9537e+09,1.2748e+14,4.5132e+12,1.6646e-08,15.975,1.9586e-25,31.95,31.95,7.9147e+09,7.4035e+09,1.3495e+14,4.4433e+12,1.8471e-08,16.745,2.152e-25,33.49,33.49,8.5017e+09,7.9526e+09,1.4408e+14,4.3628e+12,2.08e-08,17.661,2.3939e-25,35.323,35.323,9.2393e+09,8.6426e+09,1.5557e+14,4.2677e+12,2.3875e-08,18.775,2.7053e-25,37.55,37.55,1.0203e+10,9.5441e+09,1.7059e+14,4.151e+12,2.8122e-08,20.167,3.1213e-25,40.333,40.333,1.1533e+10,1.0788e+10,1.9135e+14,4.0003e+12,3.436e-08,21.968,3.7036e-25,43.935,43.935
6.2068e+09,5.8059e+09,1.0812e+14,4.6996e+12,1.2275e-08,13.889,1.4806e-25,27.779,27.779,6.4787e+09,6.0602e+09,1.1231e+14,4.6516e+12,1.3173e-08,14.35,1.5803e-25,28.699,28.699,6.7899e+09,6.3514e+09,1.1711e+14,4.5994e+12,1.4235e-08,14.87,1.6971e-25,29.741,29.741,7.1509e+09,6.6891e+09,1.227e+14,4.542e+12,1.551e-08,15.465,1.8356e-25,30.93,30.93,7.5762e+09,7.0868e+09,1.2928e+14,4.4779e+12,1.707e-08,16.154,2.0027e-25,32.308,32.308,8.0869e+09,7.5646e+09,1.3719e+14,4.4052e+12,1.9023e-08,16.963,2.2083e-25,33.926,33.926,8.7156e+09,8.1527e+09,1.4694e+14,4.3209e+12,2.1539e-08,17.932,2.4678e-25,35.864,35.864,9.5144e+09,8.8999e+09,1.5935e+14,4.2202e+12,2.4904e-08,19.119,2.8054e-25,38.238,38.238,1.0574e+10,9.8911e+09,1.7583e+14,4.095e+12,2.9632e-08,20.618,3.2624e-25,41.236,41.236
6.0351e+09,5.6453e+09,1.0514e+14,4.7163e+12,1.1647e-08,13.553,1.4097e-25,27.106,27.106,6.2839e+09,5.8781e+09,1.0896e+14,4.6709e+12,1.2448e-08,13.976,1.4991e-25,27.952,27.952,6.5666e+09,6.1425e+09,1.1331e+14,4.6219e+12,1.3385e-08,14.452,1.6028e-25,28.903,28.903,6.8914e+09,6.4463e+09,1.1831e+14,4.5685e+12,1.4497e-08,14.991,1.7247e-25,29.982,29.982,7.2697e+09,6.8002e+09,1.2414e+14,4.5094e+12,1.5839e-08,15.609,1.8699e-25,31.219,31.219,7.7177e+09,7.2193e+09,1.3105e+14,4.4432e+12,1.7492e-08,16.328,2.0461e-25,32.656,32.656,8.2595e+09,7.726e+09,1.3943e+14,4.3677e+12,1.9577e-08,17.177,2.2645e-25,34.355,34.355,8.932e+09,8.3551e+09,1.4983e+14,4.2794e+12,2.229e-08,18.201,2.5423e-25,36.401,36.401,9.7962e+09,9.1635e+09,1.6321e+14,4.1728e+12,2.5968e-08,19.464,2.9077e-25,38.929,38.929
5.8729e+09,5.4936e+09,1.0232e+14,4.732e+12,1.1068e-08,13.233,1.3439e-25,26.465,26.465,6.1013e+09,5.7072e+09,1.0582e+14,4.6891e+12,1.1783e-08,13.623,1.4242e-25,27.245,27.245,6.3588e+09,5.9481e+09,1.0976e+14,4.6429e+12,1.2613e-08,14.058,1.5167e-25,28.116,28.116,6.6523e+09,6.2226e+09,1.1426e+14,4.5929e+12,1.3588e-08,14.548,1.6243e-25,29.096,29.096,6.9906e+09,6.5391e+09,1.1946e+14,4.5382e+12,1.475e-08,15.106,1.7513e-25,30.212,30.212,7.3864e+09,6.9094e+09,1.2554e+14,4.4775e+12,1.616e-08,15.748,1.9033e-25,31.496,31.496,7.8577e+09,7.3502e+09,1.3279e+14,4.4092e+12,1.7907e-08,16.497,2.0887e-25,32.994,32.994,8.4313e+09,7.8868e+09,1.4163e+14,4.3308e+12,2.0129e-08,17.387,2.32e-25,34.773,34.773,9.1495e+09,8.5586e+09,1.5271e+14,4.2384e+12,2.305e-08,18.465,2.6168e-25,36.931,36.931
5.7195e+09,5.3501e+09,9.9659e+13,4.7469e+12,1.0531e-08,12.928,1.2826e-25,25.855,25.855,5.9295e+09,5.5466e+09,1.0286e+14,4.7061e+12,1.1172e-08,13.287,1.355e-25,26.575,26.575,6.1649e+09,5.7668e+09,1.0645e+14,4.6626e+12,1.1909e-08,13.687,1.4377e-25,27.374,27.374,6.4311e+09,6.0157e+09,1.1051e+14,4.6156e+12,1.2768e-08,14.134,1.5332e-25,28.268,28.268,6.7351e+09,6.3002e+09,1.1516e+14,4.5647e+12,1.3781e-08,14.639,1.6446e-25,29.278,29.278,7.087e+09,6.6293e+09,1.2055e+14,4.5087e+12,1.4993e-08,15.215,1.7766e-25,30.43,30.43,7.5003e+09,7.0159e+09,1.2689e+14,4.4464e+12,1.647e-08,15.88,1.9353e-25,31.76,31.76,7.9951e+09,7.4787e+09,1.3448e+14,4.376e+12,1.8313e-08,16.659,2.1299e-25,33.319,33.319,8.6012e+09,8.0457e+09,1.4379e+14,4.2947e+12,2.0674e-08,17.589,2.3744e-25,35.179,35.179
5.5741e+09,5.2141e+09,9.7135e+13,4.761e+12,1.0033e-08,12.636,1.2255e-25,25.273,25.273,5.7678e+09,5.3953e+09,1.0007e+14,4.7222e+12,1.0609e-08,12.969,1.2908e-25,25.938,25.938,5.9835e+09,5.5971e+09,1.0335e+14,4.681e+12,1.1267e-08,13.337,1.365e-25,26.673,26.673,6.2257e+09,5.8236e+09,1.0704e+14,4.6368e+12,1.2026e-08,13.745,1.45e-25,27.491,27.491,6.5002e+09,6.0804e+09,1.1122e+14,4.5891e+12,1.2913e-08,14.204,1.5484e-25,28.408,28.408,6.8147e+09,6.3746e+09,1.1601e+14,4.5372e+12,1.3961e-08,14.723,1.6635e-25,29.445,29.445,7.1799e+09,6.7162e+09,1.2159e+14,4.48e+12,1.5222e-08,15.316,1.8004e-25,30.633,30.633,7.6107e+09,7.1191e+09,1.2817e+14,4.4162e+12,1.6767e-08,16.004,1.9657e-25,32.008,32.008,8.1289e+09,7.6039e+09,1.361e+14,4.3437e+12,1.8704e-08,16.813,2.1694e-25,33.626,33.626
5.4361e+09,5.085e+09,9.4739e+13,4.7744e+12,9.5704e-09,12.358,1.1721e-25,24.717,24.717,5.6151e+09,5.2524e+09,9.7444e+13,4.7374e+12,1.0089e-08,12.666,1.2313e-25,25.333,25.333,5.8133e+09,5.4379e+09,1.0044e+14,4.6982e+12,1.0677e-08,13.005,1.298e-25,26.01,26.01,6.0345e+09,5.6447e+09,1.0379e+14,4.6565e+12,1.1352e-08,13.38,1.3739e-25,26.76,26.76,6.2832e+09,5.8774e+09,1.0756e+14,4.6118e+12,1.2131e-08,13.798,1.461e-25,27.595,27.595,6.5658e+09,6.1418e+09,1.1186e+14,4.5634e+12,1.3044e-08,14.267,1.5621e-25,28.534,28.534,6.8905e+09,6.4455e+09,1.1679e+14,4.5106e+12,1.4128e-08,14.799,1.6808e-25,29.598,29.598,7.2686e+09,6.7992e+09,1.2255e+14,4.4523e+12,1.5436e-08,15.409,1.8224e-25,30.819,30.819,7.7165e+09,7.2181e+09,1.2937e+14,4.387e+12,1.7046e-08,16.119,1.994e-25,32.238,32.238
5.305e+09,4.9623e+09,9.2462e+13,4.7872e+12,9.1394e-09,12.092,1.1222e-25,24.185,24.185,5.4707e+09,5.1174e+09,9.4955e+13,4.7518e+12,9.6076e-09,12.378,1.1759e-25,24.756,24.756,5.6533e+09,5.2882e+09,9.7706e+13,4.7145e+12,1.0136e-08,12.691,1.2361e-25,25.382,25.382,5.8558e+09,5.4776e+09,1.0076e+14,4.675e+12,1.0736e-08,13.035,1.3041e-25,26.071,26.071,6.0821e+09,5.6893e+09,1.0418e+14,4.6328e+12,1.1425e-08,13.417,1.3815e-25,26.834,26.834,6.3371e+09,5.9278e+09,1.0803e+14,4.5875e+12,1.2224e-08,13.843,1.4706e-25,27.686,27.686,6.6274e+09,6.1994e+09,1.1243e+14,4.5385e+12,1.3162e-08,14.322,1.5743e-25,28.644,28.644,6.9618e+09,6.5122e+09,1.175e+14,4.4849e+12,1.4279e-08,14.867,1.6963e-25,29.734,29.734,7.3525e+09,6.8776e+09,1.2343e+14,4.4255e+12,1.5631e-08,15.493,1.8423e-25,30.987,30.987
5.1802e+09,4.8456e+09,9.0295e+13,4.7993e+12,8.7373e-09,11.838,1.0755e-25,23.676,23.676,5.3339e+09,4.9894e+09,9.2598e+13,4.7655e+12,9.161e-09,12.103,1.1242e-25,24.207,24.207,5.5025e+09,5.1471e+09,9.5127e+13,4.7299e+12,9.6362e-09,12.393,1.1787e-25,24.785,24.785,5.6885e+09,5.3211e+09,9.792e+13,4.6923e+12,1.0173e-08,12.71,1.2398e-25,25.42,25.42,5.895e+09,5.5143e+09,1.0103e+14,4.6525e+12,1.0784e-08,13.059,1.3089e-25,26.119,26.119,6.1261e+09,5.7305e+09,1.045e+14,4.6099e+12,1.1487e-08,13.447,1.3878e-25,26.894,26.894,6.387e+09,5.9745e+09,1.0844e+14,4.5642e+12,1.2304e-08,13.881,1.4787e-25,27.761,27.761,6.6845e+09,6.2528e+09,1.1293e+14,4.5145e+12,1.3264e-08,14.369,1.5846e-25,28.739,28.739,7.0281e+09,6.5742e+09,1.1812e+14,4.4601e+12,1.4411e-08,14.926,1.7098e-25,29.852,29.852
5.0613e+09,4.7344e+09,8.8229e+13,4.8109e+12,8.3615e-09,11.594,1.0316e-25,23.188,23.188,5.2041e+09,4.868e+09,9.036e+13,4.7784e+12,8.7459e-09,11.841,1.076e-25,23.682,23.682,5.3601e+09,5.014e+09,9.269e+13,4.7444e+12,9.1746e-09,12.109,1.1253e-25,24.218,24.218,5.5314e+09,5.1741e+09,9.5251e+13,4.7087e+12,9.6558e-09,12.402,1.1804e-25,24.803,24.803,5.7204e+09,5.351e+09,9.8082e+13,4.6709e+12,1.02e-08,12.723,1.2423e-25,25.445,25.445,5.9306e+09,5.5476e+09,1.0123e+14,4.6308e+12,1.0821e-08,13.077,1.3124e-25,26.154,26.154,6.1662e+09,5.7679e+09,1.0477e+14,4.5879e+12,1.1536e-08,13.47,1.3926e-25,26.941,26.941,6.4325e+09,6.017e+09,1.0877e+14,4.5417e+12,1.2368e-08,13.911,1.4851e-25,27.821,27.821,6.7368e+09,6.3017e+09,1.1335e+14,4.4915e+12,1.3349e-08,14.408,1.5931e-25,28.815,28.815
4.9478e+09,4.6283e+09,8.6259e+13,4.8219e+12,8.0099e-09,11.36,9.9043e-26,22.72,22.72,5.0808e+09,4.7527e+09,8.8234e+13,4.7907e+12,8.3592e-09,11.59,1.0309e-25,23.18,23.18,5.2255e+09,4.888e+09,9.0384e+13,4.7582e+12,8.7468e-09,11.839,1.0757e-25,23.678,23.678,5.3835e+09,5.0358e+09,9.2737e+13,4.7241e+12,9.1796e-09,12.11,1.1254e-25,24.219,24.219,5.5571e+09,5.1982e+09,9.5325e+13,4.6882e+12,9.666e-09,12.405,1.181e-25,24.81,24.81,5.7489e+09,5.3776e+09,9.8189e+13,4.6502e+12,1.0217e-08,12.729,1.2436e-25,25.459,25.459,5.9625e+09,5.5774e+09,1.0138e+14,4.6098e+12,1.0846e-08,13.088,1.3146e-25,26.175,26.175,6.202e+09,5.8014e+09,1.0496e+14,4.5666e+12,1.1571e-08,13.486,1.3958e-25,26.972,26.972,6.4732e+09,6.0551e+09,1.0903e+14,4.5201e+12,1.2416e-08,13.932,1.4897e-25,27.864,27.864
4.8395e+09,4.5269e+09,8.4376e+13,4.8324e+12,7.6802e-09,11.136,9.5167e-26,22.271,22.271,4.9635e+09,4.6429e+09,8.6209e+13,4.8025e+12,7.9983e-09,11.35,9.887e-26,22.7,22.7,5.0978e+09,4.7686e+09,8.8198e+13,4.7712e+12,8.3497e-09,11.582,1.0294e-25,23.163,23.163,5.244e+09,4.9053e+09,9.0365e+13,4.7386e+12,8.7399e-09,11.832,1.0745e-25,23.664,23.664,5.4038e+09,5.0548e+09,9.2737e+13,4.7044e+12,9.1759e-09,12.105,1.1245e-25,24.21,24.21,5.5795e+09,5.2191e+09,9.5347e+13,4.6684e+12,9.6663e-09,12.403,1.1805e-25,24.805,24.805,5.7738e+09,5.4009e+09,9.8239e+13,4.6303e+12,1.0222e-08,12.73,1.2436e-25,25.459,25.459,5.9902e+09,5.6033e+09,1.0146e+14,4.5897e+12,1.0858e-08,13.091,1.3153e-25,26.182,26.182,6.2333e+09,5.8307e+09,1.0509e+14,4.5463e+12,1.1591e-08,13.494,1.3974e-25,26.987,26.987
4.7358e+09,4.43e+09,8.2575e+13,4.8425e+12,7.3708e-09,10.92,9.1516e-26,21.84,21.84,4.8517e+09,4.5383e+09,8.428e+13,4.8136e+12,7.661e-09,11.12,9.4906e-26,22.241,22.241,4.9767e+09,4.6553e+09,8.6123e+13,4.7836e+12,7.9802e-09,11.336,9.862e-26,22.672,22.672,5.1122e+09,4.782e+09,8.8122e+13,4.7524e+12,8.3329e-09,11.568,1.0271e-25,23.137,23.137,5.2597e+09,4.92e+09,9.0301e+13,4.7197e+12,8.7249e-09,11.82,1.0723e-25,23.641,23.641,5.421e+09,5.0709e+09,9.2688e+13,4.6855e+12,9.1632e-09,12.094,1.1226e-25,24.189,24.189,5.5984e+09,5.2368e+09,9.5317e+13,4.6493e+12,9.6565e-09,12.394,1.1789e-25,24.788,24.788,5.7948e+09,5.4205e+09,9.823e+13,4.6111e+12,1.0216e-08,12.723,1.2424e-25,25.446,25.446,6.0137e+09,5.6253e+09,1.0148e+14,4.5704e+12,1.0856e-08,13.087,1.3145e-25,26.175,26.175
4.6367e+09,4.3372e+09,8.0852e+13,4.8522e+12,7.0799e-09,10.713,8.8074e-26,21.425,21.425,4.745e+09,4.4386e+09,8.2439e+13,4.8243e+12,7.3451e-09,10.9,9.1182e-26,21.8,21.8,4.8616e+09,4.5476e+09,8.4149e+13,4.7955e+12,7.6357e-09,11.101,9.4575e-26,22.202,22.202,4.9874e+09,4.6653e+09,8.5998e+13,4.7655e+12,7.9553e-09,11.317,9.8292e-26,22.634,22.634,5.1238e+09,4.7929e+09,8.8004e+13,4.7342e+12,8.3087e-09,11.55,1.0239e-25,23.1,23.1,5.2723e+09,4.9318e+09,9.0192e+13,4.7015e+12,8.7016e-09,11.803,1.0692e-25,23.606,23.606,5.4349e+09,5.0839e+09,9.2589e+13,4.6672e+12,9.1411e-09,12.078,1.1196e-25,24.156,24.156,5.6138e+09,5.2512e+09,9.5231e+13,4.6311e+12,9.6361e-09,12.379,1.1761e-25,24.758,24.758,5.8118e+09,5.4365e+09,9.816e+13,4.5928e+12,1.0198e-08,12.71,1.2398e-25,25.42,25.42
4.5417e+09,4.2483e+09,7.92e+13,4.8614e+12,6.8061e-09,10.513,8.4824e-26,21.026,21.026,4.6431e+09,4.3433e+09,8.068e+13,4.8345e+12,7.049e-09,10.689,8.7678e-26,21.377,21.377,4.752e+09,4.4451e+09,8.2269e+13,4.8067e+12,7.3139e-09,10.876,9.0782e-26,21.752,21.752,4.869e+09,4.5546e+09,8.3982e+13,4.7779e+12,7.6042e-09,11.077,9.4171e-26,22.154,22.154,4.9955e+09,4.6729e+09,8.5833e+13,4.7479e+12,7.9237e-09,11.294,9.7886e-26,22.587,22.587,5.1326e+09,4.8011e+09,8.7844e+13,4.7167e+12,8.277e-09,11.527,1.0198e-25,23.054,23.054,5.2819e+09,4.9408e+09,9.0036e+13,4.684e+12,8.67e-09,11.78,1.0651e-25,23.561,23.561,5.4454e+09,5.0937e+09,9.2439e+13,4.6497e+12,9.1097e-09,12.056,1.1155e-25,24.112,24.112,5.6254e+09,5.2621e+09,9.5089e+13,4.6135e+12,9.6052e-09,12.358,1.172e-25,24.715,24.715
4.4505e+09,4.1631e+09,7.7616e+13,4.8703e+12,6.5481e-09,10.321,8.1752e-26,20.642,20.642,4.5457e+09,4.2521e+09,7.8998e+13,4.8443e+12,6.7708e-09,10.485,8.4377e-26,20.971,20.971,4.6475e+09,4.3473e+09,8.0477e+13,4.8174e+12,7.0129e-09,10.661,8.7222e-26,21.321,21.321,4.7566e+09,4.4494e+09,8.2066e+13,4.7897e+12,7.2771e-09,10.848,9.0317e-26,21.696,21.696,4.8741e+09,4.5593e+09,8.3778e+13,4.7609e+12,7.5666e-09,11.049,9.3696e-26,22.098,22.098,5.0009e+09,4.6779e+09,8.5629e+13,4.731e+12,7.8852e-09,11.266,9.7401e-26,22.531,22.531,5.1385e+09,4.8066e+09,8.764e+13,4.6998e+12,8.2377e-09,11.499,1.0148e-25,22.998,22.998,5.2884e+09,4.9468e+09,8.9833e+13,4.6672e+12,8.6299e-09,11.752,1.06e-25,23.505,23.505,5.4525e+09,5.1003e+09,9.2238e+13,4.6329e+12,9.0688e-09,12.028,1.1103e-25,24.056,24.056
4.3631e+09,4.0813e+09,7.6096e+13,4.8788e+12,6.3046e-09,10.136,7.8846e-26,20.272,20.272,4.4524e+09,4.1649e+09,7.7387e+13,4.8536e+12,6.5092e-09,10.29,8.1263e-26,20.58,20.58,4.5477e+09,4.254e+09,7.8766e+13,4.8277e+12,6.7308e-09,10.454,8.3875e-26,20.908,20.908,4.6496e+09,4.3493e+09,8.0242e+13,4.8009e+12,6.9717e-09,10.629,8.6707e-26,21.258,21.258,4.7589e+09,4.4516e+09,8.1828e+13,4.7732e+12,7.2346e-09,10.816,8.9786e-26,21.632,21.632,4.8766e+09,4.5616e+09,8.3537e+13,4.7445e+12,7.5228e-09,11.017,9.3149e-26,22.034,22.034,5.0036e+09,4.6805e+09,8.5385e+13,4.7147e+12,7.8399e-09,11.233,9.6836e-26,22.466,22.466,5.1415e+09,4.8094e+09,8.7393e+13,4.6836e+12,8.1909e-09,11.466,1.009e-25,22.932,22.932,5.2916e+09,4.9498e+09,8.9583e+13,4.651e+12,8.5813e-09,11.719,1.054e-25,23.438,23.438
4.279e+09,4.0027e+09,7.4635e+13,4.887e+12,6.0747e-09,9.9573,7.6093e-26,19.915,19.915,4.3631e+09,4.0813e+09,7.5843e+13,4.8626e+12,6.2628e-09,10.102,7.8322e-26,20.204,20.204,4.4524e+09,4.1649e+09,7.713e+13,4.8375e+12,6.466e-09,10.256,8.0724e-26,20.512,20.512,4.5477e+09,4.254e+09,7.8504e+13,4.8117e+12,6.6861e-09,10.419,8.3319e-26,20.839,20.839,4.6496e+09,4.3493e+09,7.9975e+13,4.785e+12,6.9254e-09,10.594,8.6131e-26,21.188,21.188,4.7589e+09,4.4516e+09,8.1556e+13,4.7574e+12,7.1866e-09,10.78,8.919e-26,21.561,21.561,4.8766e+09,4.5616e+09,8.3259e+13,4.7288e+12,7.4728e-09,10.98,9.253e-26,21.961,21.961,5.0036e+09,4.6805e+09,8.5101e+13,4.699e+12,7.7879e-09,11.196,9.6193e-26,22.391,22.391,5.1414e+09,4.8094e+09,8.7102e+13,4.668e+12,8.1365e-09,11.428,1.0023e-25,22.856,22.856
